,Type,ComplexID,ID,Name,Street,District,Date,Discount,URL,FullName,Rooms,MaxTotalArea,MaxPPSM,MaxTotalPrice,MinTotalArea,MinPPSM,MinTotalPrice,TotalArea,TotalPrice,PPSM,Location
125,car,104,107,"Червонозоряний пр-т, 6-Є","Червонозоряний пр-т, 4-А, №2-3-5",Солом'янський р-н,введений,-30%,https://kmb.ua/objects/134-prosp-chervonozoryanij-6-e/,"Червонозоряний пр-т, 6-Є Червонозоряний пр-т, 4-А, №2-3-5",,,,9999999,,,194000,,194000-9999999 грн.,,"50.4233545, 30.4613811"
126,car,104,108,"Червонозоряний пр-т, 4-Є","Червонозоряний пр-т, 4-А, №4",Солом'янський р-н,введений,-30%,https://kmb.ua/objects/133-prosp-chervonozoryanij-4-e/,"Червонозоряний пр-т, 4-Є Червонозоряний пр-т, 4-А, №4",,,,9999999,,,142500,,142500-9999999 грн.,,"50.4233545, 30.4613811"
132,car,107,111,"вул. Володі Дубініна, 2 (літ. А)",,Голосіївський р-н,12.2019,,,"вул. Володі Дубініна, 2 (літ. А) ",,,,9999999,,,217500,,217500-9999999 грн.,,"50.3906872, 30.494419"
156,noflat,202,204,,"вул. Горлівська, 215",Дарницький р-н,,0%,https://kmb.ua/objects/5-zhk-vul-gorlivska-215-a-b-v/?type=2," вул. Горлівська, 215",нежитлове приміщення,53.06,21230,1126464,53.06,21230,1126464,53.06-53.06 кв м.,1126464-1126464 грн.,,"50.40580869999999, 30.6735145"
157,noflat,202,205,,"вул. Горлівська, 215",Дарницький р-н,,0%,https://kmb.ua/objects/5-zhk-vul-gorlivska-215-a-b-v/?type=2," вул. Горлівська, 215",приміщення для зберігання велосипедів,14.9,,48749,3.11,14891,48749,3.11-14.9 кв м.,48749-48749 грн.,,"50.40580869999999, 30.6735145"
158,noflat,203,206,,"вул. Харківське шосе, 58-б ( Горлівська, 38/40)",Дарницький р-н,,0%,https://kmb.ua/objects/337-kharkivske-shose-58-b/," вул. Харківське шосе, 58-б ( Горлівська, 38/40)",Нежитлові приміщення,45.8,25000,1145000,45.8,25000,1145000,45.8-45.8 кв м.,1145000-1145000 грн.,,"50.4230185, 30.6462273"
160,noflat,205,208,,"вул. Мишуги, 10",Дарницький р-н,,20%,https://kmb.ua/objects/106-tts-vul-mishugi-10/," вул. Мишуги, 10",Нежитлові приміщення,142.3,35910,4866660,69.5,32490,2258055,69.5-142.3 кв м.,2258055-4866660 грн.,,"50.39699479999999, 30.63641399999999"
161,noflat,206,209,,"вул. Б. Гмирі, 5-а",Дарницький р-н,,20%,https://kmb.ua/objects/285-vul-borisa-gmiri-5-a/," вул. Б. Гмирі, 5-а",Нежитлове приміщення,776,23000,17848000,776,23000,17848000,776-776 кв м.,17848000-17848000 грн.,,"50.39431500000001, 30.6292317"
162,noflat,207,210,,"провсп. Григоренка, 20 ",Дарницький р-н,,20%,https://kmb.ua/objects/318-prosp-petra-grigorenka-20/," провсп. Григоренка, 20 ",Творчі майстерні,107,18000,1922400,107,18000,1922400,107-107 кв м.,1922400-1922400 грн.,,"50.3924417, 30.629557"
163,noflat,208,211,,"вул. Бориса Гмирі, 9",Дарницький р-н,,20%,https://kmb.ua/objects/296-vul-borisa-gmiri-9/," вул. Бориса Гмирі, 9",Нежитлове приміщення,93.7,25000,2342500,93.4,25000,2335000,93.4-93.7 кв м.,2335000-2342500 грн.,,"50.3828157, 30.4441702"
164,noflat,209,212,,"вул. Дмитра Луценка, 16 ",Голосіївський р-н,,20%,https://kmb.ua/objects/284-vul-d-lutsenka-16/," вул. Дмитра Луценка, 16 ",Будівля,471.7,12600,5943420,471.7,12600,5943420,471.7-471.7 кв м.,5943420-5943420 грн.,,"50.3917812, 30.4959652"
171,noflat,210,213,,"вул. В. Дубініна, 5/15 Знижка — 20%",Голосіївський р-н,,20%,https://kmb.ua/objects/19-zhk-vul-dubinina-5-15/," вул. В. Дубініна, 5/15 Знижка — 20%",приміщення для зберігання велосипедів,4.4,69000,138600,1.5,31500,86250,1.5-4.4 кв м.,86250-138600 грн.,,"50.3922762, 30.4957908"
172,noflat,210,214,,"вул. В. Дубініна, 7/14 Знижка — 20%",Голосіївський р-н,,20%,https://kmb.ua/objects/115-zhk-vul-dubinina-7-14/," вул. В. Дубініна, 7/14 Знижка — 20%",приміщення для зберігання велосипедів,4.3,34500,135450,1.6,31500,55200,1.6-4.3 кв м.,55200-135450 грн.,,"50.3906872, 30.4966077"
173,noflat,210,215,,"вул. В. Дубініна, 2 Знижка — 20%",Голосіївський р-н,,20%,https://kmb.ua/objects/273-zhk-vul-dubinina/," вул. В. Дубініна, 2 Знижка — 20%",нежитлові приміщення,68.84,26250,1772630,40.8,25750,1071000,40.8-68.84 кв м.,1071000-1772630 грн.,,"50.40203529999999, 30.5320502"
174,noflat,211,216,,"вул.Феодосійська,1 Знижка — 20%",Голосіївський р-н,,20%,https://kmb.ua/objects/350-zhk-vul-feodosijska-2/," вул.Феодосійська,1 Знижка — 20%",офіси,61.5,29400,1808100,60.6,29400,1780640,60.6-61.5 кв м.,1780640-1808100 грн.,,"50.40187299999999, 30.531967"
175,noflat,211,217,,"вул.Феодосійська,3-в Знижка — 20%",Голосіївський р-н,,20%,https://kmb.ua/objects/350-zhk-vul-feodosijska-2/," вул.Феодосійська,3-в Знижка — 20%",нежитлові приміщення,60,29400,1764000,60,29400,1764000,60-60 кв м.,1764000-1764000 грн.,,"50.4014616, 30.5315942"
176,noflat,211,218,,"вул.Феодосійська,2 Знижка — 20%",Голосіївський р-н,,20%,https://kmb.ua/objects/350-zhk-vul-feodosijska-2/," вул.Феодосійська,2 Знижка — 20%",нежитлові приміщення,61.9,29400,1819860,61,29400,1793400,61-61.9 кв м.,1793400-1819860 грн.,,"50.401211, 30.53182929999999"
177,noflat,211,219,,"вул.Феодосійська,2-л Знижка — 20%",Голосіївський р-н,,20%,https://kmb.ua/objects/350-zhk-vul-feodosijska-2/," вул.Феодосійська,2-л Знижка — 20%",нежитлові приміщення функціональним призначенням,107.9,27820,2805400,47.9,26000,1245400,47.9-107.9 кв м.,1245400-2805400 грн.,,"50.4126738, 30.4833186"
178,noflat,212,220,,"пр. Валерія Лобановського, буд. 4-Ж",Солом'янський р-н,,20%,https://kmb.ua/objects/332-prosp-chervonozoryanij-4-a/," пр. Валерія Лобановського, буд. 4-Ж",Офісне приміщення,114.9,24500,2815050,114.9,24500,2815050,114.9-114.9 кв м.,2815050-2815050 грн.,,"50.4070124, 30.5085883"
179,noflat,213,221,,"пр. Червонозоряний, 150",Солом'янський р-н,,0%,https://kmb.ua/objects/33-zhk-prosp-chervonozoryanij-150-162/," пр. Червонозоряний, 150",творча майстергня,238.2,19500,4644900,238.2,19500,4644900,238.2-238.2 кв м.,4644900-4644900 грн.,,"50.5259807, 30.6187994"
181,noflat,214,222,,"Маяковського, 91 в (буд №89-95)",Деснянський р-н,,20%,https://kmb.ua/objects/97-tts-prosp-mayakovskogo-89-95/," Маяковського, 91 в (буд №89-95)",Торг. приміщ. Салон краси. Продовольчий магазин. Офіс,1023.8,24816,24000000,44,18800,853520,44-1023.8 кв м.,853520-24000000 грн.,,"50.493769, 30.446913"
184,noflat,214,223,,"вул. Білицька, 20",Подільський р-н,,20%,https://kmb.ua/objects/96-zhk-vul-bilitska-20/," вул. Білицька, 20",Нежитлові приміщення,109.8,18750,2058750,64.8,18750,1209375,64.8-109.8 кв м.,1209375-2058750 грн.,,"50.43354739999999, 30.6410405"
197,noflat,222,232,ЖК — Хорольска,"вул. Хорольська, 1-А  ",Дніпровський р-н,,20%,https://kmb.ua/objects/113-zhk-vul-khorolska-1-a/,"ЖК — Хорольска вул. Хорольська, 1-А  ",Нежитлове приміщення,120.5,18800,2265400,120.4,18800,2263520,120.4-120.5 кв м.,2263520-2265400 грн.,,"50.4335474, 30.6388518"
199,noflat,224,234,,"Харківське шосе, 182",Дніпровський р-н,,20%,," Харківське шосе, 182","Нежитлове приміщення, офісне приміщення.",115.3,25000,2882500,56.9,25000,1422500,56.9-115.3 кв м.,1422500-2882500 грн.,,"50.4060155, 30.67704759999999"
200,noflat,225,235,,"вул. Івана Микитенка, 9-Б ",Дніпровський р-н,,20%,," вул. Івана Микитенка, 9-Б ",Нежитлова будівля (склад),377.8,10000,3778000,377.8,10000,3778000,377.8-377.8 кв м.,3778000-3778000 грн.,,"50.4864471, 30.5988936"
14,flat,7,8,ЖК — Глушкова,"просп. Академіка_x000D_
Глушкова, 92-Б,_x000D_
ж/б №1_x000D_
(просп. Глушкова 9-В)_x000D_
",Голосіївський р-н,введений,5%,https://kmb.ua/objects/9-zhk-prosp-akademika-glushkova-92-b/,"ЖК — Глушкова (просп. Академіка_x000D_
Глушкова, 92-Б,_x000D_
ж/б №1_x000D_
(просп. Глушкова 9-В)_x000D_
)",2 комнаты,89.3,21908,1956384,83.3,21907,1824853,83.3-89.3 кв м.,1824853-1956384 грн.,21907-21908 грн.,"50.3701201, 30.4669792"
15,flat,7,8,ЖК — Глушкова,"просп. Академіка_x000D_
Глушкова, 92-Б,_x000D_
ж/б №1_x000D_
(просп. Глушкова 9-В)_x000D_
",Голосіївський р-н,введений,5%,https://kmb.ua/objects/9-zhk-prosp-akademika-glushkova-92-b/,"ЖК — Глушкова (просп. Академіка_x000D_
Глушкова, 92-Б,_x000D_
ж/б №1_x000D_
(просп. Глушкова 9-В)_x000D_
)",5 комнат,217.3,18960,3964639,205.2,17887,3670412,205.2-217.3 кв м.,3670412-3964639 грн.,17887-18960 грн.,"50.3701201, 30.4669792"
16,flat,7,9,ЖК — Глушкова,"просп. Академіка_x000D_
Глушкова, 92-Б,_x000D_
ж/б №3_x000D_
(просп. Глушкова 9-Г)_x000D_
",Голосіївський р-н,введений,5%,https://kmb.ua/objects/9-zhk-prosp-akademika-glushkova-92-b/,"ЖК — Глушкова (просп. Академіка_x000D_
Глушкова, 92-Б,_x000D_
ж/б №3_x000D_
(просп. Глушкова 9-Г)_x000D_
)",2 комнаты,100.4,20859,2094244,100.4,20859,2094244,100.4-100.4 кв м.,2094244-2094244 грн.,20859-20859 грн.,"50.3701201, 30.4669792"
165,noflat,7,8,ЖК — Глушкова,"просп. Ак.Глушкова, 92-Б, ж/б №1",Голосіївський р-н,,20%,https://kmb.ua/objects/9-zhk-prosp-akademika-glushkova-92-b/?type=2,"ЖК — Глушкова просп. Ак.Глушкова, 92-Б, ж/б №1",нежитлові приміщення,117.3,31250,3665625,62.6,31250,1956250,62.6-117.3 кв м.,1956250-3665625 грн.,,"50.3701201, 30.4669792"
166,noflat,7,8,ЖК — Глушкова,"просп. Ак.Глушкова, 92-Б, ж/б №1",Голосіївський р-н,,20%,https://kmb.ua/objects/9-zhk-prosp-akademika-glushkova-92-b/?type=2,"ЖК — Глушкова просп. Ак.Глушкова, 92-Б, ж/б №1",Творчі майстерні,126.4,18000,2275200,52.3,18000,941400,52.3-126.4 кв м.,941400-2275200 грн.,,"50.3701201, 30.4669792"
167,noflat,7,8,ЖК — Глушкова,"просп. Ак.Глушкова, 92-Б, ж/б №2",Голосіївський р-н,,20%,https://kmb.ua/objects/9-zhk-prosp-akademika-glushkova-92-b/?type=2,"ЖК — Глушкова просп. Ак.Глушкова, 92-Б, ж/б №2",приміщення для зберігання велосипедів,48.6,17500,850500,48.1,17500,841750,48.1-48.6 кв м.,841750-850500 грн.,,"50.3701201, 30.4669792"
168,noflat,7,8,ЖК — Глушкова,"просп. Ак.Глушкова, 92-Б, ж/б №2",Голосіївський р-н,,20%,https://kmb.ua/objects/9-zhk-prosp-akademika-glushkova-92-b/?type=2,"ЖК — Глушкова просп. Ак.Глушкова, 92-Б, ж/б №2",Творчі майстерні,60.2,19200,1083600,59.1,19200,1063800,59.1-60.2 кв м.,1063800-1083600 грн.,,"50.3701201, 30.4669792"
169,noflat,7,8,ЖК — Глушкова,"просп. Ак.Глушкова, 92-Б, ж/б №2",Голосіївський р-н,,20%,https://kmb.ua/objects/9-zhk-prosp-akademika-glushkova-92-b/?type=2,"ЖК — Глушкова просп. Ак.Глушкова, 92-Б, ж/б №2",офіси,74.8,31250,2337500,74.2,31250,2318750,74.2-74.8 кв м.,2318750-2337500 грн.,,"50.3701201, 30.4669792"
170,noflat,7,8,ЖК — Глушкова,"просп. Ак.Глушкова, 92-Б, ж/б №3",Голосіївський р-н,,20%,https://kmb.ua/objects/9-zhk-prosp-akademika-glushkova-92-b/?type=2,"ЖК — Глушкова просп. Ак.Глушкова, 92-Б, ж/б №3","приміщення із функціональним призначенням, офіс",130.9,34375,4499687.5,61.9,31250,1934375,61.9-130.9 кв м.,1934375-4499687.5 грн.,,"50.3701201, 30.4669792"
131,car,106,110,"пр. Академіка Глушкова, 92-б (ж/б №1)","пр. Академіка Глушкова, 92-Б",Голосіївський р-н,введений,-30%,https://kmb.ua/objects/9-zhk-prosp-akademika-glushkova-92-b/,"пр. Академіка Глушкова, 92-б (ж/б №1) пр. Академіка Глушкова, 92-Б",,,,9999999,,,296000,,296000-9999999 грн.,,"50.38157349999999, 30.48172559999999"
11,flat,6,7,ЖК — Світло парк,Наддніпрянське шосе.  2-А Буд. 1-3,Голосіївський р-н,12.2019,,https://kmb.ua/objects/458-zhk-svitlo-park/,ЖК — Світло парк (Наддніпрянське шосе.  2-А Буд. 1-3),1 комната,46.46,17669,820902,40.64,17669,718068,40.64-46.46 кв м.,718068-820902 грн.,17669-17669 грн.,"50.39351139999999, 30.5578842"
12,flat,6,7,ЖК — Світло парк,Наддніпрянське шосе.  2-А Буд. 1-3,Голосіївський р-н,12.2019,,https://kmb.ua/objects/458-zhk-svitlo-park/,ЖК — Світло парк (Наддніпрянське шосе.  2-А Буд. 1-3),2 комнаты,66.11,17138,1132993,65.24,17138,1118083,65.24-66.11 кв м.,1118083-1132993 грн.,17138-17138 грн.,"50.39351139999999, 30.5578842"
13,flat,6,7,ЖК — Світло парк,Наддніпрянське шосе.  2-А Буд. 1-3,Голосіївський р-н,12.2019,,https://kmb.ua/objects/458-zhk-svitlo-park/,ЖК — Світло парк (Наддніпрянське шосе.  2-А Буд. 1-3),3 комнаты,79.14,16606,1314199,79.14,16606,1314199,79.14-79.14 кв м.,1314199-1314199 грн.,16606-16606 грн.,"50.39351139999999, 30.5578842"
148,car,123,127,ЖК — ЗАРІЧНИЙ,"пр-т М.Бажана та вул. Зарічна будинки №1,2,3,4",Дарницький р-н,введений,,https://kmb.ua/objects/10-zhk-zarichnij/?type=4,"ЖК — ЗАРІЧНИЙ пр-т М.Бажана та вул. Зарічна будинки №1,2,3,4",,,,9999999,,,413400,,413400-9999999 грн.,,"50.3954517, 30.6011386"
159,noflat,204,207,ЖК — ЗАРІЧНИЙ,"пр-т М.Бажана та вул. Зарічна будинки №1,2,3,4",Дарницький р-н,,20%,https://kmb.ua/objects/10-zhk-zarichnij/?type=2,"ЖК — ЗАРІЧНИЙ пр-т М.Бажана та вул. Зарічна будинки №1,2,3,4",Нежитлові приміщення,196.2,32419,6248970,77.3,30875,2505969,77.3-196.2 кв м.,2505969-6248970 грн.,,"50.3954517, 30.6011386"
146,car,121,125,"пр-т Бажана, 16-А","пр-т Бажана, 10-16",Дарницький р-н,введений,-35%,https://kmb.ua/objects/247-prosp-bazhana-16-a-10-16/,"пр-т Бажана, 16-А пр-т Бажана, 10-16",,,,9999999,,,200000,,200000-9999999 грн.,,"50.3958209, 30.6261235"
141,car,116,120,"вул. Мишуги, 8-а","Осокорки, 9-А, паркінг №15",Дарницький р-н,введений,-15%,https://kmb.ua/objects/117-vul-mishugi-8-a/,"вул. Мишуги, 8-а Осокорки, 9-А, паркінг №15",,,,9999999,,,187000,,187000-9999999 грн.,,"50.39670899999999, 30.6371422"
133,car,108,112,"вул. Козацька, 114","вул. Козацька, 112-114",Голосіївський р-н,введений,-20%,https://kmb.ua/objects/129-vul-kozatska-114/,"вул. Козацька, 114 вул. Козацька, 112-114",,,,9999999,,,80000,,80000-9999999 грн.,,"50.3983166, 30.4979647"
144,car,119,123,"вул.Срібнокільска, 2-А","Позняки-10, діл. «Д»",Дарницький р-н,введений,-25%,https://kmb.ua/objects/248-vul-sribnokilska-2-a/,"вул.Срібнокільска, 2-А Позняки-10, діл. «Д»",,,,9999999,,,181500,,181500-9999999 грн.,,"50.4001415, 30.6284057"
143,car,118,122,"вул. Срібнокільська, 3-Г","Позняки-10-Б, вул. Срібнокільська, 3",Дарницький р-н,введений,-30%,https://kmb.ua/objects/122-vul-sribnokilska-3/,"вул. Срібнокільська, 3-Г Позняки-10-Б, вул. Срібнокільська, 3",,,,9999999,,,90750,,90750-9999999 грн.,,"50.4005242, 30.6322168"
147,car,122,126,"вул. К.Затон, 21 парк. 1-5","Позняки-10-А, діл. 1, 2, 3, 4, 5",Дарницький р-н,введений,-25%,,"вул. К.Затон, 21 парк. 1-5 Позняки-10-А, діл. 1, 2, 3, 4, 5",,,,9999999,,,169950,,169950-9999999 грн.,,"50.4007178, 30.6166267"
145,car,120,124,"вул. Срібнокільска, 1 парк. 1-4","Позняки-10-Б, на перетині вул.Княжий Затон і вул. Срібнокільська,  парк 1-4",Дарницький р-н,введений,-30%,,"вул. Срібнокільска, 1 парк. 1-4 Позняки-10-Б, на перетині вул.Княжий Затон і вул. Срібнокільська,  парк 1-4",,,,9999999,,,123750,,123750-9999999 грн.,,"50.4021055, 30.63080399999999"
10,flat,5,6,ЖК — Драгоманова,вул. Драгоманова. 35,Дарницький р-н,введений,20%,https://kmb.ua/objects/12-zhk-vul-dragomanova-35/,ЖК — Драгоманова (вул. Драгоманова. 35),5 комнат,167.7,24394,4090874,167.7,24394,4090874,167.7-167.7 кв м.,4090874-4090874 грн.,24394-24394 грн.,"50.40681350000001, 30.636582"
9,flat,4,5,ЖК — Горловская,вул. Горлівська. 215 (а.б.в),Дарницький р-н,введений,"При 100% оплаті:-10%_x000D_
При 50% оплаті: -5%",https://kmb.ua/objects/5-zhk-vul-gorlivska-215-a-b-v/,ЖК — Горловская (вул. Горлівська. 215 (а.б.в)),3 комнаты,119.38,18025,2151825,119.38,18025,2151825,119.38-119.38 кв м.,2151825-2151825 грн.,18025-18025 грн.,"50.407061, 30.6730912"
155,noflat,201,203,"ж/м Позняки-4, буд.28","вул.Пчілки, 3а",Дарницький р-н,,20%,https://kmb.ua/objects/102-zhk-vul-o-pchilki-3-a/,"ж/м Позняки-4, буд.28 вул.Пчілки, 3а",Творчі майстерні,80.5,18000,1449000,67.2,18000,1209600,67.2-80.5 кв м.,1209600-1449000 грн.,,"50.4085413, 30.6751768"
70,flat,13,29,ЖК — Медовий,"вул. П.Радченка, 27-29 буд. № 1",Солом'янський р-н,12.2019,"При 100% оплаті:_x000D_
- 10%_x000D_
При 50% оплаті:_x000D_
- 5%_x000D_
",https://kmb.ua/objects/274-zhk-medovij/,"ЖК — Медовий (вул. П.Радченка, 27-29 буд. № 1)",1 комната,39.94,20400,814776,36.25,19992,724710,36.25-39.94 кв м.,724710-814776 грн.,19992-20400 грн.,"50.4128835, 30.475994"
71,flat,13,29,ЖК — Медовий,"вул. П.Радченка, 27-29 буд. № 1",Солом'янський р-н,12.2019,"При 100% оплаті:_x000D_
- 10%_x000D_
При 50% оплаті:_x000D_
- 5%_x000D_
",https://kmb.ua/objects/274-zhk-medovij/,"ЖК — Медовий (вул. П.Радченка, 27-29 буд. № 1)",2 комнаты,61.94,19720,1221457,61.94,19326,1197052,61.94-61.94 кв м.,1197052-1221457 грн.,19326-19720 грн.,"50.4128835, 30.475994"
72,flat,13,29,ЖК — Медовий,"вул. П.Радченка, 27-29 буд. № 1",Солом'янський р-н,12.2019,"При 100% оплаті:_x000D_
- 10%_x000D_
При 50% оплаті:_x000D_
- 5%_x000D_
",https://kmb.ua/objects/274-zhk-medovij/,"ЖК — Медовий (вул. П.Радченка, 27-29 буд. № 1)",3 комнаты,80.36,19380,1541787,71.24,18992,1366811,71.24-80.36 кв м.,1366811-1541787 грн.,18992-19380 грн.,"50.4128835, 30.475994"
73,flat,13,29,ЖК — Медовий,"вул. П.Радченка, 27-29 буд. № 1",Солом'янський р-н,12.2019,"При 100% оплаті:_x000D_
- 10%_x000D_
При 50% оплаті:_x000D_
- 5%_x000D_
",https://kmb.ua/objects/274-zhk-medovij/,"ЖК — Медовий (вул. П.Радченка, 27-29 буд. № 1)",5 комнат,145.38,18176,2642427,145.38,18176,2642427,145.38-145.38 кв м.,2642427-2642427 грн.,18176-18176 грн.,"50.4128835, 30.475994"
74,flat,13,30,ЖК — Медовий,"вул. П.Радченка, 27-29 буд. № 2",Солом'янський р-н,12.2019,"При 100% оплаті:_x000D_
- 10%_x000D_
При 50% оплаті:_x000D_
- 5%_x000D_
",https://kmb.ua/objects/274-zhk-medovij/,"ЖК — Медовий (вул. П.Радченка, 27-29 буд. № 2)",1 комната,43.37,20503,839383,30.01,18967,602974,30.01-43.37 кв м.,602974-839383 грн.,18967-20503 грн.,"50.4128835, 30.475994"
75,flat,13,30,ЖК — Медовий,"вул. П.Радченка, 27-29 буд. № 2",Солом'янський р-н,12.2019,"При 100% оплаті:_x000D_
- 10%_x000D_
При 50% оплаті:_x000D_
- 5%_x000D_
",https://kmb.ua/objects/274-zhk-medovij/,"ЖК — Медовий (вул. П.Радченка, 27-29 буд. № 2)",2 комнаты,67.82,19026,1290343,58.54,18646,1091537,58.54-67.82 кв м.,1091537-1290343 грн.,18646-19026 грн.,"50.4128835, 30.475994"
76,flat,13,30,ЖК — Медовий,"вул. П.Радченка, 27-29 буд. № 2",Солом'янський р-н,12.2019,"При 100% оплаті:_x000D_
- 10%_x000D_
При 50% оплаті:_x000D_
- 5%_x000D_
",https://kmb.ua/objects/274-zhk-medovij/,"ЖК — Медовий (вул. П.Радченка, 27-29 буд. № 2)",3 комнаты,130.78,18698,2445324,78.7,18324,1465370,78.7-130.78 кв м.,1465370-2445324 грн.,18324-18698 грн.,"50.4128835, 30.475994"
77,flat,13,30,ЖК — Медовий,"вул. П.Радченка, 27-29 буд. № 2",Солом'янський р-н,12.2019,"При 100% оплаті:_x000D_
- 10%_x000D_
При 50% оплаті:_x000D_
- 5%_x000D_
",https://kmb.ua/objects/274-zhk-medovij/,"ЖК — Медовий (вул. П.Радченка, 27-29 буд. № 2)",4 комнаты,90.59,16400,1693852,90.59,16400,1693852,90.59-90.59 кв м.,1693852-1693852 грн.,16400-16400 грн.,"50.4128835, 30.475994"
78,flat,13,30,ЖК — Медовий,"вул. П.Радченка, 27-29 буд. № 2",Солом'янський р-н,12.2019,"При 100% оплаті:_x000D_
- 10%_x000D_
При 50% оплаті:_x000D_
- 5%_x000D_
",https://kmb.ua/objects/274-zhk-medovij/,"ЖК — Медовий (вул. П.Радченка, 27-29 буд. № 2)",5 комнат,164.56,16566,2698784,115.83,16400,1899612,115.83-164.56 кв м.,1899612-2698784 грн.,16400-16566 грн.,"50.4128835, 30.475994"
79,flat,13,31,ЖК — Медовий,"вул. П.Радченка, 27-29 буд. № 3",Солом'янський р-н,12.2019,"При 100% оплаті:_x000D_
- 10%_x000D_
При 50% оплаті:_x000D_
- 5%_x000D_
",https://kmb.ua/objects/274-zhk-medovij/,"ЖК — Медовий (вул. П.Радченка, 27-29 буд. № 3)",1 комната,39.94,20400,814776,36.25,19992,724710,36.25-39.94 кв м.,724710-814776 грн.,19992-20400 грн.,"50.4128835, 30.475994"
80,flat,13,31,ЖК — Медовий,"вул. П.Радченка, 27-29 буд. № 3",Солом'янський р-н,12.2019,"При 100% оплаті:_x000D_
- 10%_x000D_
При 50% оплаті:_x000D_
- 5%_x000D_
",https://kmb.ua/objects/274-zhk-medovij/,"ЖК — Медовий (вул. П.Радченка, 27-29 буд. № 3)",2 комнаты,61.94,19720,1221457,61.94,19326,1197052,61.94-61.94 кв м.,1197052-1221457 грн.,19326-19720 грн.,"50.4128835, 30.475994"
81,flat,13,31,ЖК — Медовий,"вул. П.Радченка, 27-29 буд. № 3",Солом'янський р-н,12.2019,"При 100% оплаті:_x000D_
- 10%_x000D_
При 50% оплаті:_x000D_
- 5%_x000D_
",https://kmb.ua/objects/274-zhk-medovij/,"ЖК — Медовий (вул. П.Радченка, 27-29 буд. № 3)",3 комнаты,80.36,19380,1541787,71.24,18992,1366811,71.24-80.36 кв м.,1366811-1541787 грн.,18992-19380 грн.,"50.4128835, 30.475994"
82,flat,13,31,ЖК — Медовий,"вул. П.Радченка, 27-29 буд. № 3",Солом'янський р-н,12.2019,"При 100% оплаті:_x000D_
- 10%_x000D_
При 50% оплаті:_x000D_
- 5%_x000D_
",https://kmb.ua/objects/274-zhk-medovij/,"ЖК — Медовий (вул. П.Радченка, 27-29 буд. № 3)",5 комнат,145.38,18176,2642427,145.38,18176,2642427,145.38-145.38 кв м.,2642427-2642427 грн.,18176-18176 грн.,"50.4128835, 30.475994"
130,car,13,30,ЖК — Медовий,"вул. Радченка,27-29",Солом'янський р-н,12.2019,-5%,https://kmb.ua/objects/274-zhk-medovij/?type=4,"ЖК — Медовий вул. Радченка,27-29",,,,9999999,,,189000,,189000-9999999 грн.,,"50.4128835, 30.475994"
142,car,117,121,"вул. Горлівська, 38/40","вул. Горлівська, 38/40",Дарницький р-н,введений,-15%,,"вул. Горлівська, 38/40 вул. Горлівська, 38/40",,,,9999999,,,160000,,160000-9999999 грн.,,"50.413047, 30.6613289"
113,car,2,45,ЖК ФРАНЦУЗЬКИЙ КВАРТАЛ 2 черга,"вул. Саперне Поле, 12",Печерськйи р-н,введений,,https://kmb.ua/objects/6-zhk-frantsuzkij-kvartal/?type=4,"ЖК ФРАНЦУЗЬКИЙ КВАРТАЛ 2 черга вул. Саперне Поле, 12",,,,9999999,,,285000,,285000-9999999 грн.,,"50.414556, 30.5251132"
124,car,103,106,"вул. Ф. Ернста, 14","вул. Пулюя,2-4",Солом'янський р-н,введений,-30%,https://kmb.ua/objects/131-vul-f-ernsta-14/,"вул. Ф. Ернста, 14 вул. Пулюя,2-4",,,,9999999,,,153000,,153000-9999999 грн.,,"50.4157184, 30.4615276"
140,car,115,119,"вул. Драгоманова, 1-Н","Позняки, 5-а",Дарницький р-н,введений,-20%,https://kmb.ua/objects/118-vul-dragomanova-1-n/,"вул. Драгоманова, 1-Н Позняки, 5-а",,,,9999999,,,200000,,200000-9999999 грн.,,"50.416548, 30.6359948"
116,car,2,46,ЖК ФРАНЦУЗЬКИЙ КВАРТАЛ 5 черга,"вул. Анрі Барбюса, 52/1",Печерськйи р-н,введений,,https://kmb.ua/objects/6-zhk-frantsuzkij-kvartal/?type=4,"ЖК ФРАНЦУЗЬКИЙ КВАРТАЛ 5 черга вул. Анрі Барбюса, 52/1",,,,9999999,,,285000,,285000-9999999 грн.,,"50.4179952, 30.5281658"
3,flat,2,2,ЖК ФРАНЦУЗЬКИЙ КВАРТАЛ 3 черга,вул. Анрі Барбюса.  52/1,Печерський р-н,введений,10%,https://kmb.ua/objects/6-zhk-frantsuzkij-kvartal/,ЖК ФРАНЦУЗЬКИЙ КВАРТАЛ 3 черга (вул. Анрі Барбюса.  52/1),3 комнаты,98.2,45045,4423419,98.2,45045,4423419,98.2-98.2 кв м.,4423419-4423419 грн.,45045-45045 грн.,"50.4183396, 30.5295387"
4,flat,2,3,ЖК ФРАНЦУЗЬКИЙ КВАРТАЛ 4 черга,вул. Анрі Барбюса.  52/2,Печерський р-н,введений,3%,https://kmb.ua/objects/6-zhk-frantsuzkij-kvartal/,ЖК ФРАНЦУЗЬКИЙ КВАРТАЛ 4 черга (вул. Анрі Барбюса.  52/2),2 комнаты,71.8,47817,3138981,58.8,43718,2811640,58.8-71.8 кв м.,2811640-3138981 грн.,43718-47817 грн.,"50.4183396, 30.5295387"
5,flat,2,3,ЖК ФРАНЦУЗЬКИЙ КВАРТАЛ 4 черга,вул. Анрі Барбюса.  52/2,Печерський р-н,введений,3%,https://kmb.ua/objects/6-zhk-frantsuzkij-kvartal/,ЖК ФРАНЦУЗЬКИЙ КВАРТАЛ 4 черга (вул. Анрі Барбюса.  52/2),3 комнаты,108.3,46451,4947010,102.4,45085,4663296,102.4-108.3 кв м.,4663296-4947010 грн.,45085-46451 грн.,"50.4183396, 30.5295387"
6,flat,2,3,ЖК ФРАНЦУЗЬКИЙ КВАРТАЛ 4 черга,вул. Анрі Барбюса.  52/2,Печерський р-н,введений,3%,https://kmb.ua/objects/6-zhk-frantsuzkij-kvartal/,ЖК ФРАНЦУЗЬКИЙ КВАРТАЛ 4 черга (вул. Анрі Барбюса.  52/2),4 комнаты,163.7,44620,7304294,162.2,44174,7164990,162.2-163.7 кв м.,7164990-7304294 грн.,44174-44620 грн.,"50.4183396, 30.5295387"
112,car,2,44,ЖК ФРАНЦУЗЬКИЙ КВАРТАЛ 1 черга,"вул. Анрі Барбюса, 52/1",Печерськйи р-н,введений,,https://kmb.ua/objects/6-zhk-frantsuzkij-kvartal/?type=4,"ЖК ФРАНЦУЗЬКИЙ КВАРТАЛ 1 черга вул. Анрі Барбюса, 52/1",,,,9999999,,,360000,,360000-9999999 грн.,,"50.4183396, 30.5295387"
114,car,2,2,ЖК ФРАНЦУЗЬКИЙ КВАРТАЛ 3 черга,"вул. Анрі Барбюса, 52/1",Печерськйи р-н,введений,,https://kmb.ua/objects/6-zhk-frantsuzkij-kvartal/?type=4,"ЖК ФРАНЦУЗЬКИЙ КВАРТАЛ 3 черга вул. Анрі Барбюса, 52/1",,,,9999999,,,504000,,504000-9999999 грн.,,"50.4183396, 30.5295387"
115,car,2,3,ЖК ФРАНЦУЗЬКИЙ КВАРТАЛ 4 черга,"вул. Анрі Барбюса, 52/1",Печерськйи р-н,введений,,https://kmb.ua/objects/6-zhk-frantsuzkij-kvartal/?type=4,"ЖК ФРАНЦУЗЬКИЙ КВАРТАЛ 4 черга вул. Анрі Барбюса, 52/1",,,,9999999,,,285000,,285000-9999999 грн.,,"50.4183396, 30.5295387"
7,flat,3,4,ЖК — Лумумбы,вул. Лумумби Патріса. 11,Печерський р-н,введений,"При 100% оплаті:_x000D_
-20%_x000D_
При 50% оплаті:_x000D_
-10%_x000D_
",https://kmb.ua/objects/145-zhk-vul-lumumbi-11/,ЖК — Лумумбы (вул. Лумумби Патріса. 11),1 комната,54.57,50675,2762801,51.38,48262,2603682,51.38-54.57 кв м.,2603682-2762801 грн.,48262-50675 грн.,"50.420058, 30.529889"
8,flat,3,4,ЖК — Лумумбы,вул. Лумумби Патріса. 11,Печерський р-н,введений,"При 100% оплаті:_x000D_
-20%_x000D_
При 50% оплаті:_x000D_
-10%_x000D_
",https://kmb.ua/objects/145-zhk-vul-lumumbi-11/,ЖК — Лумумбы (вул. Лумумби Патріса. 11),2 комнаты,76.24,44990,3430038,75.19,44990,3382798,75.19-76.24 кв м.,3382798-3430038 грн.,44990-44990 грн.,"50.420058, 30.529889"
117,car,3,4,"вул. Лумумби, 11",,Печерськйи р-н,6.2018,,https://kmb.ua/objects/145-zhk-vul-lumumbi-11/?type=4,"вул. Лумумби, 11 ",,,,9999999,,,360800,,360800-9999999 грн.,,"50.4209277, 30.5326337"
128,car,18,47,ЖК — Освіти,вул. Освіти 16,Солом'янський р-н,введений,,https://kmb.ua/objects/18-zhk-osviti-16-16-a/,ЖК — Освіти вул. Освіти 16,,,,9999999,,,450000,,450000-9999999 грн.,,"50.4242035, 30.46722999999999"
0,flat,1,1,ЖК — Лейпцигская,вул. Лейпцизька. 13,Печерський р-н,05. 2018,"При 100% оплаті:  10%_x000D_
При 50% оплаті:  5%*_x000D_
(*для кв. 10 поверху та_x000D_
нижче)",https://kmb.ua/objects/1-zhk-vul-lejptsizka-13/, ЖК — Лейпцигская (вул. Лейпцизька. 13),1 комната,61.96,50160,3089856,53.43,49658,2680049,53.43-61.96 кв м.,2680049-3089856 грн.,49658-50160 грн.,"50.4312884, 30.5495065"
1,flat,1,1,ЖК — Лейпцигская,вул. Лейпцизька. 13,Печерський р-н,05. 2018,"При 100% оплаті:  10%_x000D_
При 50% оплаті:  5%*_x000D_
(*для кв. 10 поверху та_x000D_
нижче)",https://kmb.ua/objects/1-zhk-vul-lejptsizka-13/, ЖК — Лейпцигская (вул. Лейпцизька. 13),2 комнаты,103.15,48070,4858017,81.93,46762,3930876,81.93-103.15 кв м.,3930876-4858017 грн.,46762-48070 грн.,"50.4312884, 30.5495065"
2,flat,1,1,ЖК — Лейпцигская,вул. Лейпцизька. 13,Печерський р-н,05. 2018,"При 100% оплаті:  10%_x000D_
При 50% оплаті:  5%*_x000D_
(*для кв. 10 поверху та_x000D_
нижче)",https://kmb.ua/objects/1-zhk-vul-lejptsizka-13/, ЖК — Лейпцигская (вул. Лейпцизька. 13),3 комнаты,133.91,43890,5818537,117.07,43451,5086820,117.07-133.91 кв м.,5086820-5818537 грн.,43451-43890 грн.,"50.4312884, 30.5495065"
118,car,1,1,"ЖК вул. Лейпцизька, 13",,Печерськйи р-н,6.2018,,https://kmb.ua/objects/1-zhk-vul-lejptsizka-13/?type=4,"ЖК вул. Лейпцизька, 13 ",,,,9999999,,,485100,,485100-9999999 грн.,,"50.4312884, 30.5495065"
127,car,105,109,"вул. Ушинського, 14-б","вул. Ушинського, 14-А",Солом'янський р-н,введений,-30%,https://kmb.ua/objects/132-vul-ushinskogo-14-b/,"вул. Ушинського, 14-б вул. Ушинського, 14-А",,,,9999999,,,220000,,220000-9999999 грн.,,"50.4331751, 30.4484368"
134,car,109,113,"вул. Т.Строкача, 7",перетин пр-т 50-річчя Жовтня та вул. Строкача,Святошинський р-н,введений,-40%,https://kmb.ua/objects/137-vul-strokacha-7/,"вул. Т.Строкача, 7 перетин пр-т 50-річчя Жовтня та вул. Строкача",,,,9999999,,,140000,,140000-9999999 грн.,,"50.434499, 30.3987331"
153,noflat,201,201,"ж/м Позняки-2, буд. 8-а (секція 5,6)","Вул. А. Ахматової, 22",Дарницький р-н,,20%,,"ж/м Позняки-2, буд. 8-а (секція 5,6) Вул. А. Ахматової, 22",підвальні приміщення,146.2,23520,3274880,46.8,22400,1100736,46.8-146.2 кв м.,1100736-3274880 грн.,22400-23520 грн.,"50.4367049, 30.6180934"
154,noflat,201,202,"ж/м Позняки-2, буд. 7 (секція 1,2,3)","Вул. А. Ахматової, 30",Дарницький р-н,,20%,https://kmb.ua/objects/104-zhk-vul-a-akhmatovoji-30/,"ж/м Позняки-2, буд. 7 (секція 1,2,3) Вул. А. Ахматової, 30",приміщення побутового обслуговування,68.4,33000,2257200,34.3,33000,1131900,34.3-68.4 кв м.,1131900-2257200 грн.,,"50.4367049, 30.6180934"
194,noflat,220,229,ЖК — Воссоединения,"пр-кт Возз'єднання, 21-В (секція 1-2)",Дніпровський р-н,,20%,https://kmb.ua/objects/3-zhk-prosp-vozz-ednannya-21-v/,"ЖК — Воссоединения пр-кт Возз'єднання, 21-В (секція 1-2)",Нежитлові приміщення,139.6,34500,4606800,85.8,31500,2831400,85.8-139.6 кв м.,2831400-4606800 грн.,,"50.4388859, 30.610018"
66,flat,12,28,ЖК — Коперника,"вул. Коперника,7",Шевченківський р-н,введений,"При 100% оплаті - 10%_x000D_
(для 4 к.кв. та більше)",https://kmb.ua/objects/ukr-zhk-vul-kopernika-7/ ,"ЖК — Коперника (вул. Коперника,7)",3 комнаты,143.4,30416,4361712,143.3,30416,4358670,143.3-143.4 кв м.,4358670-4361712 грн.,30416-30416 грн.,"50.4396954, 30.5484946"
67,flat,12,28,ЖК — Коперника,"вул. Коперника,7",Шевченківський р-н,введений,"При 100% оплаті - 10%_x000D_
(для 4 к.кв. та більше)",https://kmb.ua/objects/ukr-zhk-vul-kopernika-7/ ,"ЖК — Коперника (вул. Коперника,7)",5 комнат,190.7,29820,5524198,179,28968,5337780,179-190.7 кв м.,5337780-5524198 грн.,28968-29820 грн.,"50.4396954, 30.5484946"
68,flat,12,28,ЖК — Коперника,"вул. Коперника,7",Шевченківський р-н,введений,"При 100% оплаті - 10%_x000D_
(для 4 к.кв. та більше)",https://kmb.ua/objects/ukr-zhk-vul-kopernika-7/ ,"ЖК — Коперника (вул. Коперника,7)",6,197.8,29820,5898396,197.8,29820,5898396,197.8-197.8 кв м.,5898396-5898396 грн.,29820-29820 грн.,"50.4396954, 30.5484946"
69,flat,12,28,ЖК — Коперника,"вул. Коперника,7",Шевченківський р-н,введений,"При 100% оплаті - 10%_x000D_
(для 4 к.кв. та більше)",https://kmb.ua/objects/ukr-zhk-vul-kopernika-7/ ,"ЖК — Коперника (вул. Коперника,7)",7,235.9,29252,6900547,235.9,29252,6900547,235.9-235.9 кв м.,6900547-6900547 грн.,29252-29252 грн.,"50.4396954, 30.5484946"
187,noflat,12,28,ЖК — Коперника,"вул. Коперника, 7",Шевченківський р-н,,20%,https://kmb.ua/objects/ukr-zhk-vul-kopernika-7/ ?type=2,"ЖК — Коперника вул. Коперника, 7",Нежитлові приміщення,44.7,34000,1519800,40.6,34000,1380400,40.6-44.7 кв м.,1380400-1519800 грн.,,"50.4396954, 30.5484946"
188,noflat,12,328,ЖК — Коперника,"Коперника, 9-11",Шевченківський р-н,,20%,https://kmb.ua/objects/ukr-zhk-vul-kopernika-7/ ?type=2,"ЖК — Коперника Коперника, 9-11",Творчі майстерні,128.1,19500,2497950,128.1,19500,2497950,128.1-128.1 кв м.,2497950-2497950 грн.,,"50.4396954, 30.5484946"
189,noflat,215,224,ЖК — Коперника,"вул. Полтавська, 10",Шевченківський р-н,,20%,https://kmb.ua/objects/427-zhk-vul-starokijivska-10/,"ЖК — Коперника вул. Полтавська, 10",Нежитлові приміщення,128.5,48300,6206550,79.1,48300,3820530,79.1-128.5 кв м.,3820530-6206550 грн.,,"50.4396954, 30.5484946"
190,noflat,216,225,ЖК — Коперника,"вул. Чорновола, 27",Шевченківський р-н,,20%,,"ЖК — Коперника вул. Чорновола, 27",Нежитлові приміщення,60.5,44000,2662000,60.5,44000,2662000,60.5-60.5 кв м.,2662000-2662000 грн.,,"50.4396954, 30.5484946"
191,noflat,217,226,ЖК — Коперника,"вул. Златоустівська, 55",Шевченківський р-н,,20%,,"ЖК — Коперника вул. Златоустівська, 55",Нежитлові приміщення,60.6,44000,2666400,60.6,44000,2666400,60.6-60.6 кв м.,2666400-2666400 грн.,,"50.4396954, 30.5484946"
192,noflat,218,227,ЖК — Коперника,"ул. Златоустовская, 52",Шевченківський р-н,,20%,,"ЖК — Коперника ул. Златоустовская, 52",Приміщення для зберігання велосипедів,33.3,17200,572760,5.4,17200,92880,5.4-33.3 кв м.,92880-572760 грн.,,"50.4396954, 30.5484946"
83,flat,14,32,ЖК — Чоколовский,"бульвар Чоколівський,27-Б",Солом'янський р-н,введений,10%,https://kmb.ua/objects/17-zhk-bul-chokolivskij-27-b/,"ЖК — Чоколовский (бульвар Чоколівський,27-Б)",1 комната,48.4,28560,1382304,48.4,28560,1382304,48.4-48.4 кв м.,1382304-1382304 грн.,28560-28560 грн.,"50.4412775, 30.4489605"
84,flat,14,32,ЖК — Чоколовский,"бульвар Чоколівський,27-Б",Солом'янський р-н,введений,10%,https://kmb.ua/objects/17-zhk-bul-chokolivskij-27-b/,"ЖК — Чоколовский (бульвар Чоколівський,27-Б)",2 комнаты,75.8,27489,2083666,53.8,24990,1344462,53.8-75.8 кв м.,1344462-2083666 грн.,24990-27489 грн.,"50.4412775, 30.4489605"
85,flat,15,33,ЖК — Гарматная,"вул.Гарматна,_x000D_
39-Г,_x000D_
ж/б №1_x000D_
",Солом'янський р-н,введений,5%,https://kmb.ua/objects/4-zhk-vul-garmatna-39-g/,"ЖК — Гарматная (вул.Гарматна,_x000D_
39-Г,_x000D_
ж/б №1_x000D_
)",3 комнаты,96.3,24734,2371991,94.6,23334,2209730,94.6-96.3 кв м.,2209730-2371991 грн.,23334-24734 грн.,"50.4462306, 30.4325286"
86,flat,15,34,ЖК — Гарматная,"вул.Гарматна,_x000D_
39-Г,_x000D_
ж/б №2 (вул. Західна, 10) _x000D_
",Солом'янський р-н,введений,5%,https://kmb.ua/objects/4-zhk-vul-garmatna-39-g/,"ЖК — Гарматная (вул.Гарматна,_x000D_
39-Г,_x000D_
ж/б №2 (вул. Західна, 10) _x000D_
)",1 комната,51.5,26838,1382163,49.7,26838,1333849,49.7-51.5 кв м.,1333849-1382163 грн.,26838-26838 грн.,"50.4462306, 30.4325286"
87,flat,15,34,ЖК — Гарматная,"вул.Гарматна,_x000D_
39-Г,_x000D_
ж/б №2 (вул. Західна, 10) _x000D_
",Солом'янський р-н,введений,5%,https://kmb.ua/objects/4-zhk-vul-garmatna-39-g/,"ЖК — Гарматная (вул.Гарматна,_x000D_
39-Г,_x000D_
ж/б №2 (вул. Західна, 10) _x000D_
)",3 комнаты,96.4,23136,2230310,94.9,23136,2195635,94.9-96.4 кв м.,2195635-2230310 грн.,23136-23136 грн.,"50.4462306, 30.4325286"
129,car,15,33,ЖК — Гарматная,"вул.Гарматна, 39-Г",Солом'янський р-н,введений,-15%,https://kmb.ua/objects/4-zhk-vul-garmatna-39-g/?type=4,"ЖК — Гарматная вул.Гарматна, 39-Г",,,,9999999,,,204120,,204120-9999999 грн.,,"50.4462306, 30.4325286"
180,noflat,15,33,ЖК — Гарматная,"вул.Гарматна, 39-Г Буд.№2",Солом'янський р-н,,20%,https://kmb.ua/objects/4-zhk-vul-garmatna-39-g/?type=2,"ЖК — Гарматная вул.Гарматна, 39-Г Буд.№2",Творчі майстерні,74.3,23000,1708900,64.2,23000,1476600,64.2-74.3 кв м.,1476600-1708900 грн.,,"50.4462306, 30.4325286"
40,flat,10,18,ЖК Manhattan city,"перетин просп._x000D_
Перемоги та вул._x000D_
Борщагівська_x000D_
(буд.1)",Шевченківський р-н,12.2018,"При 100% оплаті -20%_x000D_
При 50% оплаті - 7,5%",https://kmb.ua/objects/323-zhk-manhattan-city/,"ЖК Manhattan city (перетин просп._x000D_
Перемоги та вул._x000D_
Борщагівська_x000D_
(буд.1))",1 комната,57.1,33174,1894227,50.3,31175,1568105,50.3-57.1 кв м.,1568105-1894227 грн.,31175-33174 грн.,"50.44836799999999, 30.478063"
41,flat,10,18,ЖК Manhattan city,"перетин просп._x000D_
Перемоги та вул._x000D_
Борщагівська_x000D_
(буд.1)",Шевченківський р-н,12.2018,"При 100% оплаті -20%_x000D_
При 50% оплаті - 7,5%",https://kmb.ua/objects/323-zhk-manhattan-city/,"ЖК Manhattan city (перетин просп._x000D_
Перемоги та вул._x000D_
Борщагівська_x000D_
(буд.1))",2 комнаты,85.5,32182,2751568,78.3,30477,2386320,78.3-85.5 кв м.,2386320-2751568 грн.,30477-32182 грн.,"50.44836799999999, 30.478063"
42,flat,10,18,ЖК Manhattan city,"перетин просп._x000D_
Перемоги та вул._x000D_
Борщагівська_x000D_
(буд.1)",Шевченківський р-н,12.2018,"При 100% оплаті -20%_x000D_
При 50% оплаті - 7,5%",https://kmb.ua/objects/323-zhk-manhattan-city/,"ЖК Manhattan city (перетин просп._x000D_
Перемоги та вул._x000D_
Борщагівська_x000D_
(буд.1))",3 комнаты,120.6,45147,5444728,86.4,31302,2704486,86.4-120.6 кв м.,2704486-5444728 грн.,31302-45147 грн.,"50.44836799999999, 30.478063"
185,noflat,10,18,ЖК Manhattan city,просп.Перемоги та вул. Борщагівська Буд. №1-3,Шевченківський р-н,,0%,https://kmb.ua/objects/323-zhk-manhattan-city/?type=2,ЖК Manhattan city просп.Перемоги та вул. Борщагівська Буд. №1-3,Нежитлові приміщення,4620,48300,37791600,24.5,36120,1176000,24.5-4620 кв м.,1176000-37791600 грн.,,"50.44836799999999, 30.478063"
198,noflat,223,233,"вул. Алма-Атинська, 109,б ","вул. Алма-Атинська, 109,б ",Дніпровський р-н,,20%,https://kmb.ua/objects/333-vul-alma-atinska-109-b/,"вул. Алма-Атинська, 109,б  вул. Алма-Атинська, 109,б ",Нежитлове приміщення,138.7,13000,1803100,138.7,13000,1803100,138.7-138.7 кв м.,1803100-1803100 грн.,,"50.4519166, 30.6798705"
193,noflat,219,228,ЖК — Старокиевский,"вул. Старокиївська, 10, ж/б 1 та ж/б 2",Шевченківський р-н,,20%,https://kmb.ua/objects/93-zhk-zlatoustivskij/,"ЖК — Старокиевский вул. Старокиївська, 10, ж/б 1 та ж/б 2",Нежитлові приміщення,296.4,38808,11437335,83.18,30870,2701686.4,83.18-296.4 кв м.,2701686.4-11437335 грн.,,"50.4530665, 30.4740385"
139,car,114,118,"Вул. Полтавська, 10","вул. Чорновола, Дмитрівська, Полтавська, ж/б 2",Шевченківський р-н,введений,-25%,https://kmb.ua/objects/93-zhk-zlatoustivskij/?type=4,"Вул. Полтавська, 10 вул. Чорновола, Дмитрівська, Полтавська, ж/б 2",,,,9999999,,,290000,,290000-9999999 грн.,,"50.4556299, 30.4867488"
205,noflat,227,237,"ЖК пр-т Палладина, 25","просп. Академіка Палладіна, буд 25-а",Святошинський -р-н,,20%,https://kmb.ua/objects/98-zhk-prosp-palladina-25/,"ЖК пр-т Палладина, 25 просп. Академіка Палладіна, буд 25-а",Нежитлове приміщення,179.4,19500,3498300,179.4,19500,3498300,179.4-179.4 кв м.,3498300-3498300 грн.,,"50.462562, 30.3744585"
17,flat,8,10,ЖК — Каховская,"ЖК вул. Каховська,_x000D_
60_x000D_
(буд. 1)",Дніпровський р-н,12.2018,"При 100% оплаті:-10%_x000D_
При 50% платі: -5%_x000D_
(для 1-2к.кв)_x000D_
При 100% оплаті:-15%_x000D_
При 50% платі: -7,5%_x000D_
(для 3 к.кв та більше)",https://kmb.ua/objects/299-zhk-vul-kakhovska-60/,"ЖК — Каховская (ЖК вул. Каховська,_x000D_
60_x000D_
(буд. 1))",1 комната,37.62,23400,880308,36.25,23166,839768,36.25-37.62 кв м.,839768-880308 грн.,23166-23400 грн.,"50.46263709999999, 30.59141859999999"
18,flat,8,10,ЖК — Каховская,"ЖК вул. Каховська,_x000D_
60_x000D_
(буд. 1)",Дніпровський р-н,12.2018,"При 100% оплаті:-10%_x000D_
При 50% платі: -5%_x000D_
(для 1-2к.кв)_x000D_
При 100% оплаті:-15%_x000D_
При 50% платі: -7,5%_x000D_
(для 3 к.кв та більше)",https://kmb.ua/objects/299-zhk-vul-kakhovska-60/,"ЖК — Каховская (ЖК вул. Каховська,_x000D_
60_x000D_
(буд. 1))",2 комнаты,61.94,22620,1401083,61.94,22394,1387072,61.94-61.94 кв м.,1387072-1401083 грн.,22394-22620 грн.,"50.46263709999999, 30.59141859999999"
19,flat,8,10,ЖК — Каховская,"ЖК вул. Каховська,_x000D_
60_x000D_
(буд. 1)",Дніпровський р-н,12.2018,"При 100% оплаті:-10%_x000D_
При 50% платі: -5%_x000D_
(для 1-2к.кв)_x000D_
При 100% оплаті:-15%_x000D_
При 50% платі: -7,5%_x000D_
(для 3 к.кв та більше)",https://kmb.ua/objects/299-zhk-vul-kakhovska-60/,"ЖК — Каховская (ЖК вул. Каховська,_x000D_
60_x000D_
(буд. 1))",3 комнаты,74.66,22230,1659692,74.66,22230,1659692,74.66-74.66 кв м.,1659692-1659692 грн.,22230-22230 грн.,"50.46263709999999, 30.59141859999999"
20,flat,8,11,ЖК — Каховская,"ЖК вул. Каховська,_x000D_
60_x000D_
(буд. 2)",Дніпровський р-н,12.2018,"При 100% оплаті:-10%_x000D_
При 50% платі: -5%_x000D_
(для 1-2к.кв)_x000D_
При 100% оплаті:-15%_x000D_
При 50% платі: -7,5%_x000D_
(для 3 к.кв та більше)",https://kmb.ua/objects/299-zhk-vul-kakhovska-60/,"ЖК — Каховская (ЖК вул. Каховська,_x000D_
60_x000D_
(буд. 2))",1 комната,39.94,23400,934596,36.25,23166,839768,36.25-39.94 кв м.,839768-934596 грн.,23166-23400 грн.,"50.46263709999999, 30.59141859999999"
21,flat,8,11,ЖК — Каховская,"ЖК вул. Каховська,_x000D_
60_x000D_
(буд. 2)",Дніпровський р-н,12.2018,"При 100% оплаті:-10%_x000D_
При 50% платі: -5%_x000D_
(для 1-2к.кв)_x000D_
При 100% оплаті:-15%_x000D_
При 50% платі: -7,5%_x000D_
(для 3 к.кв та більше)",https://kmb.ua/objects/299-zhk-vul-kakhovska-60/,"ЖК — Каховская (ЖК вул. Каховська,_x000D_
60_x000D_
(буд. 2))",2 комнаты,61.94,22620,1401083,61.94,22394,1387072,61.94-61.94 кв м.,1387072-1401083 грн.,22394-22620 грн.,"50.46263709999999, 30.59141859999999"
22,flat,8,11,ЖК — Каховская,"ЖК вул. Каховська,_x000D_
60_x000D_
(буд. 2)",Дніпровський р-н,12.2018,"При 100% оплаті:-10%_x000D_
При 50% платі: -5%_x000D_
(для 1-2к.кв)_x000D_
При 100% оплаті:-15%_x000D_
При 50% платі: -7,5%_x000D_
(для 3 к.кв та більше)",https://kmb.ua/objects/299-zhk-vul-kakhovska-60/,"ЖК — Каховская (ЖК вул. Каховська,_x000D_
60_x000D_
(буд. 2))",3 комнаты,74.66,22230,1659692,74.66,22008,1643095,74.66-74.66 кв м.,1643095-1659692 грн.,22008-22230 грн.,"50.46263709999999, 30.59141859999999"
23,flat,8,11,ЖК — Каховская,"ЖК вул. Каховська,_x000D_
60_x000D_
(буд. 2)",Дніпровський р-н,12.2018,"При 100% оплаті:-10%_x000D_
При 50% платі: -5%_x000D_
(для 1-2к.кв)_x000D_
При 100% оплаті:-15%_x000D_
При 50% платі: -7,5%_x000D_
(для 3 к.кв та більше)",https://kmb.ua/objects/299-zhk-vul-kakhovska-60/,"ЖК — Каховская (ЖК вул. Каховська,_x000D_
60_x000D_
(буд. 2))",5 комнат,145.38,21622,3143348,145.38,21622,3143348,145.38-145.38 кв м.,3143348-3143348 грн.,21622-21622 грн.,"50.46263709999999, 30.59141859999999"
24,flat,8,12,ЖК — Каховская,"ЖК вул. Каховська, 60 (буд. 3)",Дніпровський р-н,12.2018,"При 100% оплаті:-10%_x000D_
При 50% платі: -5%_x000D_
(для 1-2к.кв)_x000D_
При 100% оплаті:-15%_x000D_
При 50% платі: -7,5%_x000D_
(для 3 к.кв та більше)",https://kmb.ua/objects/299-zhk-vul-kakhovska-60/,"ЖК — Каховская (ЖК вул. Каховська, 60 (буд. 3))",1 комната,39.94,23760,948974,36.25,23522,852687,36.25-39.94 кв м.,852687-948974 грн.,23522-23760 грн.,"50.46263709999999, 30.59141859999999"
25,flat,8,12,ЖК — Каховская,"ЖК вул. Каховська, 60 (буд. 3)",Дніпровський р-н,12.2018,"При 100% оплаті:-10%_x000D_
При 50% платі: -5%_x000D_
(для 1-2к.кв)_x000D_
При 100% оплаті:-15%_x000D_
При 50% платі: -7,5%_x000D_
(для 3 к.кв та більше)",https://kmb.ua/objects/299-zhk-vul-kakhovska-60/,"ЖК — Каховская (ЖК вул. Каховська, 60 (буд. 3))",2 комнаты,61.94,22968,1422638,61.94,22738,1408412,61.94-61.94 кв м.,1408412-1422638 грн.,22738-22968 грн.,"50.46263709999999, 30.59141859999999"
26,flat,8,12,ЖК — Каховская,"ЖК вул. Каховська, 60 (буд. 3)",Дніпровський р-н,12.2018,"При 100% оплаті:-10%_x000D_
При 50% платі: -5%_x000D_
(для 1-2к.кв)_x000D_
При 100% оплаті:-15%_x000D_
При 50% платі: -7,5%_x000D_
(для 3 к.кв та більше)",https://kmb.ua/objects/299-zhk-vul-kakhovska-60/,"ЖК — Каховская (ЖК вул. Каховська, 60 (буд. 3))",3 комнаты,116.48,22572,2602895,74.66,22346,1668373,74.66-116.48 кв м.,1668373-2602895 грн.,22346-22572 грн.,"50.46263709999999, 30.59141859999999"
27,flat,8,12,ЖК — Каховская,"ЖК вул. Каховська, 60 (буд. 3)",Дніпровський р-н,12.2018,"При 100% оплаті:-10%_x000D_
При 50% платі: -5%_x000D_
(для 1-2к.кв)_x000D_
При 100% оплаті:-15%_x000D_
При 50% платі: -7,5%_x000D_
(для 3 к.кв та більше)",https://kmb.ua/objects/299-zhk-vul-kakhovska-60/,"ЖК — Каховская (ЖК вул. Каховська, 60 (буд. 3))",5 комнат,145.38,21954,3191707,145.38,21954,3191707,145.38-145.38 кв м.,3191707-3191707 грн.,21954-21954 грн.,"50.46263709999999, 30.59141859999999"
28,flat,8,13,ЖК — Каховская,"ЖК вул. Каховська,_x000D_
60_x000D_
(буд. 4)_x000D_
",Дніпровський р-н,12.2018,"При 100% оплаті:-10%_x000D_
При 50% платі: -5%_x000D_
(для 1-2к.кв)_x000D_
При 100% оплаті:-15%_x000D_
При 50% платі: -7,5%_x000D_
(для 3 к.кв та більше)",https://kmb.ua/objects/299-zhk-vul-kakhovska-60/,"ЖК — Каховская (ЖК вул. Каховська,_x000D_
60_x000D_
(буд. 4)_x000D_
)",1 комната,39.94,23400,934596,36.25,23166,839768,36.25-39.94 кв м.,839768-934596 грн.,23166-23400 грн.,"50.46263709999999, 30.59141859999999"
29,flat,8,13,ЖК — Каховская,"ЖК вул. Каховська,_x000D_
60_x000D_
(буд. 4)_x000D_
",Дніпровський р-н,12.2018,"При 100% оплаті:-10%_x000D_
При 50% платі: -5%_x000D_
(для 1-2к.кв)_x000D_
При 100% оплаті:-15%_x000D_
При 50% платі: -7,5%_x000D_
(для 3 к.кв та більше)",https://kmb.ua/objects/299-zhk-vul-kakhovska-60/,"ЖК — Каховская (ЖК вул. Каховська,_x000D_
60_x000D_
(буд. 4)_x000D_
)",2 комнаты,61.94,22620,1401083,61.94,22394,1387072,61.94-61.94 кв м.,1387072-1401083 грн.,22394-22620 грн.,"50.46263709999999, 30.59141859999999"
30,flat,8,13,ЖК — Каховская,"ЖК вул. Каховська,_x000D_
60_x000D_
(буд. 4)_x000D_
",Дніпровський р-н,12.2018,"При 100% оплаті:-10%_x000D_
При 50% платі: -5%_x000D_
(для 1-2к.кв)_x000D_
При 100% оплаті:-15%_x000D_
При 50% платі: -7,5%_x000D_
(для 3 к.кв та більше)",https://kmb.ua/objects/299-zhk-vul-kakhovska-60/,"ЖК — Каховская (ЖК вул. Каховська,_x000D_
60_x000D_
(буд. 4)_x000D_
)",3 комнаты,74.66,22230,1659692,74.66,22008,1643095,74.66-74.66 кв м.,1643095-1659692 грн.,22008-22230 грн.,"50.46263709999999, 30.59141859999999"
31,flat,8,14,ЖК — Каховская,"ЖК вул. Каховська,_x000D_
60_x000D_
(буд. 5)_x000D_
",Дніпровський р-н,7.2019,"При 100% оплаті:-10%_x000D_
При 50% платі: -5%_x000D_
(для 1-2к.кв)_x000D_
При 100% оплаті:-15%_x000D_
При 50% платі: -7,5%_x000D_
(для 3 к.кв та більше)",https://kmb.ua/objects/299-zhk-vul-kakhovska-60/,"ЖК — Каховская (ЖК вул. Каховська,_x000D_
60_x000D_
(буд. 5)_x000D_
)",1 комната,43.37,22000,900708,30.01,20353,647016,30.01-43.37 кв м.,647016-900708 грн.,20353-22000 грн.,"50.46263709999999, 30.59141859999999"
32,flat,8,14,ЖК — Каховская,"ЖК вул. Каховська,_x000D_
60_x000D_
(буд. 5)_x000D_
",Дніпровський р-н,7.2019,"При 100% оплаті:-10%_x000D_
При 50% платі: -5%_x000D_
(для 1-2к.кв)_x000D_
При 100% оплаті:-15%_x000D_
При 50% платі: -7,5%_x000D_
(для 3 к.кв та більше)",https://kmb.ua/objects/299-zhk-vul-kakhovska-60/,"ЖК — Каховская (ЖК вул. Каховська,_x000D_
60_x000D_
(буд. 5)_x000D_
)",2 комнаты,66.84,20416,1364605,58.54,20008,1195153,58.54-66.84 кв м.,1195153-1364605 грн.,20008-20416 грн.,"50.46263709999999, 30.59141859999999"
33,flat,8,14,ЖК — Каховская,"ЖК вул. Каховська,_x000D_
60_x000D_
(буд. 5)_x000D_
",Дніпровський р-н,7.2019,"При 100% оплаті:-10%_x000D_
При 50% платі: -5%_x000D_
(для 1-2к.кв)_x000D_
При 100% оплаті:-15%_x000D_
При 50% платі: -7,5%_x000D_
(для 3 к.кв та більше)",https://kmb.ua/objects/299-zhk-vul-kakhovska-60/,"ЖК — Каховская (ЖК вул. Каховська,_x000D_
60_x000D_
(буд. 5)_x000D_
)",3 комнаты,130.78,20064,2597730,78.7,19663,1547456,78.7-130.78 кв м.,1547456-2597730 грн.,19663-20064 грн.,"50.46263709999999, 30.59141859999999"
34,flat,8,14,ЖК — Каховская,"ЖК вул. Каховська,_x000D_
60_x000D_
(буд. 5)_x000D_
",Дніпровський р-н,7.2019,"При 100% оплаті:-10%_x000D_
При 50% платі: -5%_x000D_
(для 1-2к.кв)_x000D_
При 100% оплаті:-15%_x000D_
При 50% платі: -7,5%_x000D_
(для 3 к.кв та більше)",https://kmb.ua/objects/299-zhk-vul-kakhovska-60/,"ЖК — Каховская (ЖК вул. Каховська,_x000D_
60_x000D_
(буд. 5)_x000D_
)",4 комнаты,117,19863,2324013,114.66,19515,2237576,114.66-117 кв м.,2237576-2324013 грн.,19515-19863 грн.,"50.46263709999999, 30.59141859999999"
35,flat,8,14,ЖК — Каховская,"ЖК вул. Каховська,_x000D_
60_x000D_
(буд. 5)_x000D_
",Дніпровський р-н,7.2019,"При 100% оплаті:-10%_x000D_
При 50% платі: -5%_x000D_
(для 1-2к.кв)_x000D_
При 100% оплаті:-15%_x000D_
При 50% платі: -7,5%_x000D_
(для 3 к.кв та більше)",https://kmb.ua/objects/299-zhk-vul-kakhovska-60/,"ЖК — Каховская (ЖК вул. Каховська,_x000D_
60_x000D_
(буд. 5)_x000D_
)",5 комнат,164.56,19515,3211369,124.15,19515,2422772,124.15-164.56 кв м.,2422772-3211369 грн.,19515-19515 грн.,"50.46263709999999, 30.59141859999999"
36,flat,8,15,ЖК — Каховская,"пр-кт Возз'єднання,_x000D_
21-В,_x000D_
II черга будівництва_x000D_
",Дніпровський р-н,введений,5%,https://kmb.ua/objects/299-zhk-vul-kakhovska-60/,"ЖК — Каховская (пр-кт Возз'єднання,_x000D_
21-В,_x000D_
II черга будівництва_x000D_
)",3 комнаты,111.3,20290,2258277,98.9,20290,2006681,98.9-111.3 кв м.,2006681-2258277 грн.,20290-20290 грн.,"50.46263709999999, 30.59141859999999"
37,flat,8,16,ЖК — Каховская,"пр-кт Возз'єднання,_x000D_
21-В, секція 1-2_x000D_
I черга_x000D_
",Дніпровський р-н,введений,5%,https://kmb.ua/objects/299-zhk-vul-kakhovska-60/,"ЖК — Каховская (пр-кт Возз'єднання,_x000D_
21-В, секція 1-2_x000D_
I черга_x000D_
)",3 комнаты,106.4,21991,2339842,105.5,20944,2209592,105.5-106.4 кв м.,2209592-2339842 грн.,20944-21991 грн.,"50.46263709999999, 30.59141859999999"
38,flat,8,16,ЖК — Каховская,"пр-кт Возз'єднання,_x000D_
21-В, секція 1-2_x000D_
I черга_x000D_
",Дніпровський р-н,введений,5%,https://kmb.ua/objects/299-zhk-vul-kakhovska-60/,"ЖК — Каховская (пр-кт Возз'єднання,_x000D_
21-В, секція 1-2_x000D_
I черга_x000D_
)",4 комнаты,194.3,25990,5049857,194.3,25990,5049857,194.3-194.3 кв м.,5049857-5049857 грн.,25990-25990 грн.,"50.46263709999999, 30.59141859999999"
152,car,8,16,ЖК — Каховская,"вул. Каховська, 61",Дніпровський р-н,12.2019,-10%,https://kmb.ua/objects/299-zhk-vul-kakhovska-60/?type=4,"ЖК — Каховская вул. Каховська, 61",,,,9999999,,,250000,,250000-9999999 грн.,,"50.46263709999999, 30.59141859999999"
43,flat,11,19,ЖК — MIRAX,"вул. Глибочицька, 43_x000D_
ж/б №1_x000D_
Секція А_x000D_
(квартири)",Шевченківський р-н,10.2019,"При 100% оплаті_x000D_
-5%",https://kmb.ua/objects/419-zhk-mirax/,"ЖК — MIRAX (вул. Глибочицька, 43_x000D_
ж/б №1_x000D_
Секція А_x000D_
(квартири))",1 комната,75.75,25650,1942988,36.23,24130,929300,36.23-75.75 кв м.,929300-1942988 грн.,24130-25650 грн.,"50.4626427, 30.4963432"
44,flat,11,19,ЖК — MIRAX,"вул. Глибочицька, 43_x000D_
ж/б №1_x000D_
Секція А_x000D_
(квартири)",Шевченківський р-н,10.2019,"При 100% оплаті_x000D_
-5%",https://kmb.ua/objects/419-zhk-mirax/,"ЖК — MIRAX (вул. Глибочицька, 43_x000D_
ж/б №1_x000D_
Секція А_x000D_
(квартири))",2 комнаты,112.92,26933,2724760,49.42,23647,1248583,49.42-112.92 кв м.,1248583-2724760 грн.,23647-26933 грн.,"50.4626427, 30.4963432"
45,flat,11,19,ЖК — MIRAX,"вул. Глибочицька, 43_x000D_
ж/б №1_x000D_
Секція А_x000D_
(квартири)",Шевченківський р-н,10.2019,"При 100% оплаті_x000D_
-5%",https://kmb.ua/objects/419-zhk-mirax/,"ЖК — MIRAX (вул. Глибочицька, 43_x000D_
ж/б №1_x000D_
Секція А_x000D_
(квартири))",3 комнаты,145.99,23342,3407626,98.82,22230,2196769,98.82-145.99 кв м.,2196769-3407626 грн.,22230-23342 грн.,"50.4626427, 30.4963432"
46,flat,11,20,ЖК — MIRAX,"вул. Глибочицька, 43_x000D_
ж/б №1_x000D_
Секція Б_x000D_
(квартири)",Шевченківський р-н,10.2019,"При 100% оплаті_x000D_
-5%",https://kmb.ua/objects/419-zhk-mirax/,"ЖК — MIRAX (вул. Глибочицька, 43_x000D_
ж/б №1_x000D_
Секція Б_x000D_
(квартири))",1 комната,44.41,24368,1082161,44.41,24368,1082161,44.41-44.41 кв м.,1082161-1082161 грн.,24368-24368 грн.,"50.4626427, 30.4963432"
47,flat,11,20,ЖК — MIRAX,"вул. Глибочицька, 43_x000D_
ж/б №1_x000D_
Секція Б_x000D_
(квартири)",Шевченківський р-н,10.2019,"При 100% оплаті_x000D_
-5%",https://kmb.ua/objects/419-zhk-mirax/,"ЖК — MIRAX (вул. Глибочицька, 43_x000D_
ж/б №1_x000D_
Секція Б_x000D_
(квартири))",2 комнаты,74.9,24130,1789264,63.8,22924,1489798,63.8-74.9 кв м.,1489798-1789264 грн.,22924-24130 грн.,"50.4626427, 30.4963432"
48,flat,11,20,ЖК — MIRAX,"вул. Глибочицька, 43_x000D_
ж/б №1_x000D_
Секція Б_x000D_
(квартири)",Шевченківський р-н,10.2019,"При 100% оплаті_x000D_
-5%",https://kmb.ua/objects/419-zhk-mirax/,"ЖК — MIRAX (вул. Глибочицька, 43_x000D_
ж/б №1_x000D_
Секція Б_x000D_
(квартири))",3 комнаты,99.69,22230,2216109,99.69,21119,2105303,99.69-99.69 кв м.,2105303-2216109 грн.,21119-22230 грн.,"50.4626427, 30.4963432"
49,flat,11,20,ЖК — MIRAX,"вул. Глибочицька, 43_x000D_
ж/б №1_x000D_
Секція Б_x000D_
(квартири)",Шевченківський р-н,10.2019,"При 100% оплаті_x000D_
-5%",https://kmb.ua/objects/419-zhk-mirax/,"ЖК — MIRAX (вул. Глибочицька, 43_x000D_
ж/б №1_x000D_
Секція Б_x000D_
(квартири))",5 комнат,175.73,21347,3751220,175.73,21347,3751220,175.73-175.73 кв м.,3751220-3751220 грн.,21347-21347 грн.,"50.4626427, 30.4963432"
50,flat,11,21,ЖК — MIRAX,"вул. Глибочицька, 43_x000D_
ж/б №1_x000D_
Секція А_x000D_
(апартаменти)",Шевченківський р-н,10.2019,"При 100% оплаті -10%_x000D_
При 50% оплаті -5%_x000D_
",https://kmb.ua/objects/419-zhk-mirax/,"ЖК — MIRAX (вул. Глибочицька, 43_x000D_
ж/б №1_x000D_
Секція А_x000D_
(апартаменти))",1 комната,41.57,25530,1038211,19.03,24476,480122,19.03-41.57 кв м.,480122-1038211 грн.,24476-25530 грн.,"50.4626427, 30.4963432"
51,flat,11,22,ЖК — MIRAX,"вул. Глибочицька, 43_x000D_
ж/б №2",Шевченківський р-н,10.2019,"При 100% оплаті_x000D_
-5%",https://kmb.ua/objects/419-zhk-mirax/,"ЖК — MIRAX (вул. Глибочицька, 43_x000D_
ж/б №2)",1 комната,54.12,25650,1388178,43.55,25394,1106903,43.55-54.12 кв м.,1106903-1388178 грн.,25394-25650 грн.,"50.4626427, 30.4963432"
52,flat,11,22,ЖК — MIRAX,"вул. Глибочицька, 43_x000D_
ж/б №2",Шевченківський р-н,10.2019,"При 100% оплаті_x000D_
-5%",https://kmb.ua/objects/419-zhk-mirax/,"ЖК — MIRAX (вул. Глибочицька, 43_x000D_
ж/б №2)",2 комнаты,76.68,25394,1892324,56.19,23647,1342306,56.19-76.68 кв м.,1342306-1892324 грн.,23647-25394 грн.,"50.4626427, 30.4963432"
53,flat,11,22,ЖК — MIRAX,"вул. Глибочицька, 43_x000D_
ж/б №2",Шевченківський р-н,10.2019,"При 100% оплаті_x000D_
-5%",https://kmb.ua/objects/419-zhk-mirax/,"ЖК — MIRAX (вул. Глибочицька, 43_x000D_
ж/б №2)",3 комнаты,101.27,22230,2228720,88.42,22008,1965577,88.42-101.27 кв м.,1965577-2228720 грн.,22008-22230 грн.,"50.4626427, 30.4963432"
54,flat,11,23,ЖК — MIRAX,"вул. Глибочицька, 43_x000D_
ж/б №3",Шевченківський р-н,10.2019,"При 100% оплаті_x000D_
-5%",https://kmb.ua/objects/419-zhk-mirax/,"ЖК — MIRAX (вул. Глибочицька, 43_x000D_
ж/б №3)",1 комната,51.56,25650,1309289,44.69,25394,1136867,44.69-51.56 кв м.,1136867-1309289 грн.,25394-25650 грн.,"50.4626427, 30.4963432"
55,flat,11,23,ЖК — MIRAX,"вул. Глибочицька, 43_x000D_
ж/б №3",Шевченківський р-н,10.2019,"При 100% оплаті_x000D_
-5%",https://kmb.ua/objects/419-zhk-mirax/,"ЖК — MIRAX (вул. Глибочицька, 43_x000D_
ж/б №3)",2 комнаты,76.68,24130,1850288,56.19,23647,1342306,56.19-76.68 кв м.,1342306-1850288 грн.,23647-24130 грн.,"50.4626427, 30.4963432"
56,flat,11,23,ЖК — MIRAX,"вул. Глибочицька, 43_x000D_
ж/б №3",Шевченківський р-н,10.2019,"При 100% оплаті_x000D_
-5%",https://kmb.ua/objects/419-zhk-mirax/,"ЖК — MIRAX (вул. Глибочицька, 43_x000D_
ж/б №3)",3 комнаты,101.96,22230,2266571,95.72,21785,2106577,95.72-101.96 кв м.,2106577-2266571 грн.,21785-22230 грн.,"50.4626427, 30.4963432"
57,flat,11,24,ЖК — MIRAX,"вул. Глибочицька, 43_x000D_
ж/б №4",Шевченківський р-н,10.2019,"При 100% оплаті_x000D_
-5%",https://kmb.ua/objects/419-zhk-mirax/,"ЖК — MIRAX (вул. Глибочицька, 43_x000D_
ж/б №4)",1 комната,48.06,25394,1208084,42,25137,1066527,42-48.06 кв м.,1066527-1208084 грн.,25137-25394 грн.,"50.4626427, 30.4963432"
58,flat,11,24,ЖК — MIRAX,"вул. Глибочицька, 43_x000D_
ж/б №4",Шевченківський р-н,10.2019,"При 100% оплаті_x000D_
-5%",https://kmb.ua/objects/419-zhk-mirax/,"ЖК — MIRAX (вул. Глибочицька, 43_x000D_
ж/б №4)",2 комнаты,76.68,24130,1813283,63.33,23647,1528153,63.33-76.68 кв м.,1528153-1813283 грн.,23647-24130 грн.,"50.4626427, 30.4963432"
59,flat,11,24,ЖК — MIRAX,"вул. Глибочицька, 43_x000D_
ж/б №4",Шевченківський р-н,10.2019,"При 100% оплаті_x000D_
-5%",https://kmb.ua/objects/419-zhk-mirax/,"ЖК — MIRAX (вул. Глибочицька, 43_x000D_
ж/б №4)",3 комнаты,100.43,22230,2210233,95.21,22008,2095353,95.21-100.43 кв м.,2095353-2210233 грн.,22008-22230 грн.,"50.4626427, 30.4963432"
60,flat,11,25,ЖК — MIRAX,"вул. Глибочицька, 43_x000D_
Ж\В №1_x000D_
",Шевченківський р-н,10.2019,"При 100% оплаті -10%_x000D_
При 50% оплаті -5%_x000D_
",https://kmb.ua/objects/419-zhk-mirax/,"ЖК — MIRAX (вул. Глибочицька, 43_x000D_
Ж\В №1_x000D_
)",1 комната,33.75,24975,842906,22.95,24975,573176,22.95-33.75 кв м.,573176-842906 грн.,24975-24975 грн.,"50.4626427, 30.4963432"
61,flat,11,26,ЖК — MIRAX,"вул. Глибочицька, 43_x000D_
Ж\В №2_x000D_
",Шевченківський р-н,10.2019,"При 100% оплаті_x000D_
-5%",https://kmb.ua/objects/419-zhk-mirax/,"ЖК — MIRAX (вул. Глибочицька, 43_x000D_
Ж\В №2_x000D_
)",2 комнаты,72.09,24130,1739532,60.11,24130,1450454,60.11-72.09 кв м.,1450454-1739532 грн.,24130-24130 грн.,"50.4626427, 30.4963432"
62,flat,11,26,ЖК — MIRAX,"вул. Глибочицька, 43_x000D_
Ж\В №2_x000D_
",Шевченківський р-н,10.2019,"При 100% оплаті_x000D_
-5%",https://kmb.ua/objects/419-zhk-mirax/,"ЖК — MIRAX (вул. Глибочицька, 43_x000D_
Ж\В №2_x000D_
)",4 комнаты,134.62,20127,2709456,131.67,20127,2650083,131.67-134.62 кв м.,2650083-2709456 грн.,20127-20127 грн.,"50.4626427, 30.4963432"
63,flat,11,27,ЖК — MIRAX,"вул. Глибочицька, 43_x000D_
Ж\В №3",Шевченківський р-н,10.2019,"При 100% оплаті_x000D_
-5%",https://kmb.ua/objects/419-zhk-mirax/,"ЖК — MIRAX (вул. Глибочицька, 43_x000D_
Ж\В №3)",1 комната,45.76,25650,1173744,45.76,25650,1173744,45.76-45.76 кв м.,1173744-1173744 грн.,25650-25650 грн.,"50.4626427, 30.4963432"
64,flat,11,27,ЖК — MIRAX,"вул. Глибочицька, 43_x000D_
Ж\В №3",Шевченківський р-н,10.2019,"При 100% оплаті_x000D_
-5%",https://kmb.ua/objects/419-zhk-mirax/,"ЖК — MIRAX (вул. Глибочицька, 43_x000D_
Ж\В №3)",2 комнаты,72.07,24130,1739049,55.67,24130,1343317,55.67-72.07 кв м.,1343317-1739049 грн.,24130-24130 грн.,"50.4626427, 30.4963432"
65,flat,11,27,ЖК — MIRAX,"вул. Глибочицька, 43_x000D_
Ж\В №3",Шевченківський р-н,10.2019,"При 100% оплаті_x000D_
-5%",https://kmb.ua/objects/419-zhk-mirax/,"ЖК — MIRAX (вул. Глибочицька, 43_x000D_
Ж\В №3)",4 комнаты,134.98,20127,2716702,131.76,20127,2651894,131.76-134.98 кв м.,2651894-2716702 грн.,20127-20127 грн.,"50.4626427, 30.4963432"
151,car,11,20,ЖК — MIRAX,"вул. Глибочицька, 43",Подільський р-н,10.2019,-10%,https://kmb.ua/objects/419-zhk-mirax/?type=4,"ЖК — MIRAX вул. Глибочицька, 43",,,,9999999,,,440000,,440000-9999999 грн.,,"50.4626427, 30.4963432"
186,noflat,11,26,ЖК — MIRAX,"вул. Глибочицька,43",Шевченківський р-н,,0%,https://kmb.ua/objects/419-zhk-mirax/?type=2,"ЖК — MIRAX вул. Глибочицька,43",приміщення для зберігання велосипедів,19.24,20000,347282,2.2,18050,41800,2.2-19.24 кв м.,41800-347282 грн.,,"50.4626427, 30.4963432"
39,flat,9,17,ЖК — Обуховская,"вул.Обухівська,_x000D_
135-А, ж/б №3",Святошинський р-н,введений,15%,https://kmb.ua/objects/303-zhk-vul-obukhivska-iii-cherga/,"ЖК — Обуховская (вул.Обухівська,_x000D_
135-А, ж/б №3)",5 комнат,182.6,17575,3209195,182.6,17575,3209195,182.6-182.6 кв м.,3209195-3209195 грн.,17575-17575 грн.,"50.4655421, 30.3264917"
201,noflat,9,17,ЖК — Обуховская,"вул.Обухівська, 135-А, ж/б № 3",Святошинський -р-н,,0%,https://kmb.ua/objects/303-zhk-vul-obukhivska-iii-cherga/?type=2,"ЖК — Обуховская вул.Обухівська, 135-А, ж/б № 3",колясочні,4.45,14000,62300,3.39,14000,47460,3.39-4.45 кв м.,47460-62300 грн.,,"50.4655421, 30.3264917"
202,noflat,9,317,ЖК — Обуховская,"вул.Обухівська, 135-А, ж/б № 4-5",Святошинський -р-н,,0%,https://kmb.ua/objects/303-zhk-vul-obukhivska-iii-cherga/?type=2,"ЖК — Обуховская вул.Обухівська, 135-А, ж/б № 4-5",колясочні,4.45,14000,62300,3.67,14000,51380,3.67-4.45 кв м.,51380-62300 грн.,,"50.4655421, 30.3264917"
203,noflat,9,417,ЖК — Обуховская,"вул.Обухівська, 135-А, ж/б № 2",Святошинський -р-н,,20%,https://kmb.ua/objects/303-zhk-vul-obukhivska-iii-cherga/?type=2,"ЖК — Обуховская вул.Обухівська, 135-А, ж/б № 2",Нежитлове приміщення,102.3,22804,2332849,102.3,22804,2332849,102.3-102.3 кв м.,2332849-2332849 грн.,,"50.4655421, 30.3264917"
136,car,111,115,"вул. Осіння, 33","Вул. Осіння, ж/б 33",Святошинський р-н,введений,-15%,https://kmb.ua/objects/109-zhk-vul-osinnya-33/,"вул. Осіння, 33 Вул. Осіння, ж/б 33",,,,9999999,,,147000,,147000-9999999 грн.,,"50.46640720000001, 30.34810969999999"
137,car,112,116,"пр-т Ак. Паладіна, 25,",перет вул. Палладіна та вул. Жовтневої,Святошинський р-н,введений,-15%,https://kmb.ua/objects/98-zhk-prosp-palladina-25/,"пр-т Ак. Паладіна, 25, перет вул. Палладіна та вул. Жовтневої",,,,9999999,,,161000,,161000-9999999 грн.,,"50.46718380000001, 30.354101"
138,car,113,117,"пр-т Ак. Паладіна, 25-А",перетин вул. Палладіна та вул. Жовтневої (2,Святошинський р-н,введений,-15%,https://kmb.ua/objects/136-prosp-akademika-palladina-25-a/,"пр-т Ак. Паладіна, 25-А перетин вул. Палладіна та вул. Жовтневої (2",,,,9999999,,,119000,,119000-9999999 грн.,,"50.46718380000001, 30.354101"
135,car,110,114,"вул. Ак. Булаховського, 5-Д","Булаховського, 5-а, корп.3",Святошинський р-н,введений,-15%,https://kmb.ua/objects/135-vul-bulakhovskogo-5-d/,"вул. Ак. Булаховського, 5-Д Булаховського, 5-а, корп.3",,,,9999999,,,100000,,100000-9999999 грн.,,"50.4695932, 30.3370225"
195,noflat,221,230,ЖК — Перова,"ЖК «Перовський» - Перова, 10-12, №1",Дніпровський р-н,,20%,https://kmb.ua/objects/101-zhk-bul-perova-10-a/,"ЖК — Перова ЖК «Перовський» - Перова, 10-12, №1",Офісне приміщення,286.3,22500,6441750,286.3,22500,6441750,286.3-286.3 кв м.,6441750-6441750 грн.,,"50.4717101, 30.5993658"
196,noflat,221,231,ЖК — Перова,"ЖК «Перовський» - Перова, 10-12, №2",Дніпровський р-н,,20%,https://kmb.ua/objects/101-zhk-bul-perova-10-a/,"ЖК — Перова ЖК «Перовський» - Перова, 10-12, №2",Нежитлові приміщення,115.4,21000,2391900,113.9,19000,2192600,113.9-115.4 кв м.,2192600-2391900 грн.,,"50.4717101, 30.5993658"
88,flat,16,35,ЖК — Rybalsky,"(вул. Електриків, 23-б)_x000D_
ж/б 3 та ж/б 9",Подільський р-н,введений,,https://kmb.ua/objects/4-zhk-vul-garmatna-39-g/,"ЖК — Rybalsky ((вул. Електриків, 23-б)_x000D_
ж/б 3 та ж/б 9)",1 комната,49.58,29000,1437820,45.92,29000,1331680,45.92-49.58 кв м.,1331680-1437820 грн.,29000-29000 грн.,"50.4794899, 30.5367081"
89,flat,16,35,ЖК — Rybalsky,"(вул. Електриків, 23-б)_x000D_
ж/б 3 та ж/б 9",Подільський р-н,введений,,https://kmb.ua/objects/4-zhk-vul-garmatna-39-g/,"ЖК — Rybalsky ((вул. Електриків, 23-б)_x000D_
ж/б 3 та ж/б 9)",2 комнаты,76.66,29000,2223140,45.17,29000,1309930,45.17-76.66 кв м.,1309930-2223140 грн.,29000-29000 грн.,"50.4794899, 30.5367081"
90,flat,16,35,ЖК — Rybalsky,"(вул. Електриків, 23-б)_x000D_
ж/б 3 та ж/б 9",Подільський р-н,введений,,https://kmb.ua/objects/4-zhk-vul-garmatna-39-g/,"ЖК — Rybalsky ((вул. Електриків, 23-б)_x000D_
ж/б 3 та ж/б 9)",3 комнаты,106.22,29000,3080380,81.22,29000,2355380,81.22-106.22 кв м.,2355380-3080380 грн.,29000-29000 грн.,"50.4794899, 30.5367081"
204,noflat,226,236,"ЖК ул. Осенняя, 33","вул.Осіння, 33",Святошинський -р-н,,20%,https://kmb.ua/objects/109-zhk-vul-osinnya-33/,"ЖК ул. Осенняя, 33 вул.Осіння, 33",Творчі майстерні,166.5,16000,2664000,91.9,16000,1470400,91.9-166.5 кв м.,1470400-2664000 грн.,,"50.496274, 30.5214861"
91,flat,17,36,ЖК — Новомостицко-Замковецкий,"вул.Новомостицька_x000D_
вул.Замковецька, ж/б 1_x000D_
(I черга будівництва)",Подільський р-н,введений,"10% (3-к.кв та більше)_x000D_
 8% (2-к. кв.)_x000D_
",https://kmb.ua/objects/21-zhk-vul-zamkovetska-ta-vul-novomostitska/,"ЖК — Новомостицко-Замковецкий (вул.Новомостицька_x000D_
вул.Замковецька, ж/б 1_x000D_
(I черга будівництва))",3 комнаты,89.4,17540,1568076,78.3,17540,1373382,78.3-89.4 кв м.,1373382-1568076 грн.,17540-17540 грн.,"50.4965098, 30.4403367"
92,flat,17,36,ЖК — Новомостицко-Замковецкий,"вул.Новомостицька_x000D_
вул.Замковецька, ж/б 1_x000D_
(I черга будівництва)",Подільський р-н,введений,"10% (3-к.кв та більше)_x000D_
 8% (2-к. кв.)_x000D_
",https://kmb.ua/objects/21-zhk-vul-zamkovetska-ta-vul-novomostitska/,"ЖК — Новомостицко-Замковецкий (вул.Новомостицька_x000D_
вул.Замковецька, ж/б 1_x000D_
(I черга будівництва))",4 комнаты,96.2,17540,1687348,96.2,17540,1687348,96.2-96.2 кв м.,1687348-1687348 грн.,17540-17540 грн.,"50.4965098, 30.4403367"
93,flat,17,36,ЖК — Новомостицко-Замковецкий,"вул.Новомостицька_x000D_
вул.Замковецька, ж/б 1_x000D_
(I черга будівництва)",Подільський р-н,введений,"10% (3-к.кв та більше)_x000D_
 8% (2-к. кв.)_x000D_
",https://kmb.ua/objects/21-zhk-vul-zamkovetska-ta-vul-novomostitska/,"ЖК — Новомостицко-Замковецкий (вул.Новомостицька_x000D_
вул.Замковецька, ж/б 1_x000D_
(I черга будівництва))",5 комнат,132.9,17540,2331066,132.9,17540,2331066,132.9-132.9 кв м.,2331066-2331066 грн.,17540-17540 грн.,"50.4965098, 30.4403367"
94,flat,17,37,ЖК — Новомостицко-Замковецкий,"вул.Новомостицька_x000D_
вул.Замковецька, ж/б 3_x000D_
(I черга будівництва)",Подільський р-н,введений,"10% (3-к.кв та більше)_x000D_
 8% (2-к. кв.)_x000D_
",https://kmb.ua/objects/21-zhk-vul-zamkovetska-ta-vul-novomostitska/,"ЖК — Новомостицко-Замковецкий (вул.Новомостицька_x000D_
вул.Замковецька, ж/б 3_x000D_
(I черга будівництва))",2 комнаты,60.4,17848,1078019,60.4,17848,1078019,60.4-60.4 кв м.,1078019-1078019 грн.,17848-17848 грн.,"50.4965098, 30.4403367"
95,flat,17,37,ЖК — Новомостицко-Замковецкий,"вул.Новомостицька_x000D_
вул.Замковецька, ж/б 3_x000D_
(I черга будівництва)",Подільський р-н,введений,"10% (3-к.кв та більше)_x000D_
 8% (2-к. кв.)_x000D_
",https://kmb.ua/objects/21-zhk-vul-zamkovetska-ta-vul-novomostitska/,"ЖК — Новомостицко-Замковецкий (вул.Новомостицька_x000D_
вул.Замковецька, ж/б 3_x000D_
(I черга будівництва))",3 комнаты,119.3,18463,2092522,75.3,17540,1390264,75.3-119.3 кв м.,1390264-2092522 грн.,17540-18463 грн.,"50.4965098, 30.4403367"
96,flat,17,38,ЖК — Новомостицко-Замковецкий,"вул.Новомостицька_x000D_
вул.Замковецька, ж/б 4_x000D_
(I черга будівництва)",Подільський р-н,введений,"10% (3-к.кв та більше)_x000D_
 8% (2-к. кв.)_x000D_
",https://kmb.ua/objects/21-zhk-vul-zamkovetska-ta-vul-novomostitska/,"ЖК — Новомостицко-Замковецкий (вул.Новомостицька_x000D_
вул.Замковецька, ж/б 4_x000D_
(I черга будівництва))",1 комната,45.4,18463,838220,45.4,18463,838220,45.4-45.4 кв м.,838220-838220 грн.,18463-18463 грн.,"50.4965098, 30.4403367"
97,flat,17,38,ЖК — Новомостицко-Замковецкий,"вул.Новомостицька_x000D_
вул.Замковецька, ж/б 4_x000D_
(I черга будівництва)",Подільський р-н,введений,"10% (3-к.кв та більше)_x000D_
 8% (2-к. кв.)_x000D_
",https://kmb.ua/objects/21-zhk-vul-zamkovetska-ta-vul-novomostitska/,"ЖК — Новомостицко-Замковецкий (вул.Новомостицька_x000D_
вул.Замковецька, ж/б 4_x000D_
(I черга будівництва))",3 комнаты,121.6,17540,2132864,121.6,17540,2132864,121.6-121.6 кв м.,2132864-2132864 грн.,17540-17540 грн.,"50.4965098, 30.4403367"
98,flat,17,39,ЖК — Новомостицко-Замковецкий,"вул.Новомостицька_x000D_
вул.Замковецька, ж/б 5_x000D_
(I черга будівництва)",Подільський р-н,6.2018,"10% (3-к.кв та більше)_x000D_
 8% (2-к. кв.)_x000D_
",https://kmb.ua/objects/21-zhk-vul-zamkovetska-ta-vul-novomostitska/,"ЖК — Новомостицко-Замковецкий (вул.Новомостицька_x000D_
вул.Замковецька, ж/б 5_x000D_
(I черга будівництва))",1 комната,59.66,18110,1080466,59.66,18110,1080466,59.66-59.66 кв м.,1080466-1080466 грн.,18110-18110 грн.,"50.4965098, 30.4403367"
99,flat,17,39,ЖК — Новомостицко-Замковецкий,"вул.Новомостицька_x000D_
вул.Замковецька, ж/б 5_x000D_
(I черга будівництва)",Подільський р-н,6.2018,"10% (3-к.кв та більше)_x000D_
 8% (2-к. кв.)_x000D_
",https://kmb.ua/objects/21-zhk-vul-zamkovetska-ta-vul-novomostitska/,"ЖК — Новомостицко-Замковецкий (вул.Новомостицька_x000D_
вул.Замковецька, ж/б 5_x000D_
(I черга будівництва))",2 комнаты,75.64,17556,1327936,72.96,17507,1277290,72.96-75.64 кв м.,1277290-1327936 грн.,17507-17556 грн.,"50.4965098, 30.4403367"
100,flat,17,39,ЖК — Новомостицко-Замковецкий,"вул.Новомостицька_x000D_
вул.Замковецька, ж/б 5_x000D_
(I черга будівництва)",Подільський р-н,6.2018,"10% (3-к.кв та більше)_x000D_
 8% (2-к. кв.)_x000D_
",https://kmb.ua/objects/21-zhk-vul-zamkovetska-ta-vul-novomostitska/,"ЖК — Новомостицко-Замковецкий (вул.Новомостицька_x000D_
вул.Замковецька, ж/б 5_x000D_
(I черга будівництва))",3 комнаты,119.3,17205,2052542,84.36,17205,1451404,84.36-119.3 кв м.,1451404-2052542 грн.,17205-17205 грн.,"50.4965098, 30.4403367"
101,flat,17,39,ЖК — Новомостицко-Замковецкий,"вул.Новомостицька_x000D_
вул.Замковецька, ж/б 5_x000D_
(I черга будівництва)",Подільський р-н,6.2018,"10% (3-к.кв та більше)_x000D_
 8% (2-к. кв.)_x000D_
",https://kmb.ua/objects/21-zhk-vul-zamkovetska-ta-vul-novomostitska/,"ЖК — Новомостицко-Замковецкий (вул.Новомостицька_x000D_
вул.Замковецька, ж/б 5_x000D_
(I черга будівництва))",5 комнат,127.98,17205,2201881,127.98,17205,2201881,127.98-127.98 кв м.,2201881-2201881 грн.,17205-17205 грн.,"50.4965098, 30.4403367"
102,flat,17,40,ЖК — Новомостицко-Замковецкий,"вул.Новомостицька_x000D_
вул.Замковецька, ж/б 6_x000D_
(I черга будівництва)",Подільський р-н,6.2018,"10% (3-к.кв та більше)_x000D_
 8% (2-к. кв.)_x000D_
",https://kmb.ua/objects/21-zhk-vul-zamkovetska-ta-vul-novomostitska/,"ЖК — Новомостицко-Замковецкий (вул.Новомостицька_x000D_
вул.Замковецька, ж/б 6_x000D_
(I черга будівництва))",1 комната,42.5,18463,784678,42.5,18463,784678,42.5-42.5 кв м.,784678-784678 грн.,18463-18463 грн.,"50.4965098, 30.4403367"
103,flat,17,40,ЖК — Новомостицко-Замковецкий,"вул.Новомостицька_x000D_
вул.Замковецька, ж/б 6_x000D_
(I черга будівництва)",Подільський р-н,6.2018,"10% (3-к.кв та більше)_x000D_
 8% (2-к. кв.)_x000D_
",https://kmb.ua/objects/21-zhk-vul-zamkovetska-ta-vul-novomostitska/,"ЖК — Новомостицко-Замковецкий (вул.Новомостицька_x000D_
вул.Замковецька, ж/б 6_x000D_
(I черга будівництва))",3 комнаты,86.1,17898,1541018,85.9,17898,1537438,85.9-86.1 кв м.,1537438-1541018 грн.,17898-17898 грн.,"50.4965098, 30.4403367"
104,flat,17,40,ЖК — Новомостицко-Замковецкий,"вул.Новомостицька_x000D_
вул.Замковецька, ж/б 6_x000D_
(I черга будівництва)",Подільський р-н,6.2018,"10% (3-к.кв та більше)_x000D_
 8% (2-к. кв.)_x000D_
",https://kmb.ua/objects/21-zhk-vul-zamkovetska-ta-vul-novomostitska/,"ЖК — Новомостицко-Замковецкий (вул.Новомостицька_x000D_
вул.Замковецька, ж/б 6_x000D_
(I черга будівництва))",4 комнаты,123,17540,2157420,120.8,17540,2118832,120.8-123 кв м.,2118832-2157420 грн.,17540-17540 грн.,"50.4965098, 30.4403367"
105,flat,17,41,ЖК — Новомостицко-Замковецкий,"вул.Новомостицька_x000D_
вул.Замковецька, ж/б 7_x000D_
(I черга будівництва)",Подільський р-н,6.2018,"При 100% оплаті:_x000D_
- 10% (3-к. кв.та більше)_x000D_
- 8% (2-к.кв.)_x000D_
При 50% оплаті:_x000D_
- 5% (3-к.кв. та більше)_x000D_
- 4% (2-к.кв.)",https://kmb.ua/objects/21-zhk-vul-zamkovetska-ta-vul-novomostitska/,"ЖК — Новомостицко-Замковецкий (вул.Новомостицька_x000D_
вул.Замковецька, ж/б 7_x000D_
(I черга будівництва))",1 комната,73.2,18480,1325681,41.93,18110,774866,41.93-73.2 кв м.,774866-1325681 грн.,18110-18480 грн.,"50.4965098, 30.4403367"
106,flat,17,41,ЖК — Новомостицко-Замковецкий,"вул.Новомостицька_x000D_
вул.Замковецька, ж/б 7_x000D_
(I черга будівництва)",Подільський р-н,6.2018,"При 100% оплаті:_x000D_
- 10% (3-к. кв.та більше)_x000D_
- 8% (2-к.кв.)_x000D_
При 50% оплаті:_x000D_
- 5% (3-к.кв. та більше)_x000D_
- 4% (2-к.кв.)",https://kmb.ua/objects/21-zhk-vul-zamkovetska-ta-vul-novomostitska/,"ЖК — Новомостицко-Замковецкий (вул.Новомостицька_x000D_
вул.Замковецька, ж/б 7_x000D_
(I черга будівництва))",2 комнаты,84.76,17864,1483870,63.53,17507,1134900,63.53-84.76 кв м.,1134900-1483870 грн.,17507-17864 грн.,"50.4965098, 30.4403367"
107,flat,17,41,ЖК — Новомостицко-Замковецкий,"вул.Новомостицька_x000D_
вул.Замковецька, ж/б 7_x000D_
(I черга будівництва)",Подільський р-н,6.2018,"При 100% оплаті:_x000D_
- 10% (3-к. кв.та більше)_x000D_
- 8% (2-к.кв.)_x000D_
При 50% оплаті:_x000D_
- 5% (3-к.кв. та більше)_x000D_
- 4% (2-к.кв.)",https://kmb.ua/objects/21-zhk-vul-zamkovetska-ta-vul-novomostitska/,"ЖК — Новомостицко-Замковецкий (вул.Новомостицька_x000D_
вул.Замковецька, ж/б 7_x000D_
(I черга будівництва))",3 комнаты,119.3,17556,2052542,78.06,17205,1343013,78.06-119.3 кв м.,1343013-2052542 грн.,17205-17556 грн.,"50.4965098, 30.4403367"
108,flat,17,41,ЖК — Новомостицко-Замковецкий,"вул.Новомостицька_x000D_
вул.Замковецька, ж/б 7_x000D_
(I черга будівництва)",Подільський р-н,6.2018,"При 100% оплаті:_x000D_
- 10% (3-к. кв.та більше)_x000D_
- 8% (2-к.кв.)_x000D_
При 50% оплаті:_x000D_
- 5% (3-к.кв. та більше)_x000D_
- 4% (2-к.кв.)",https://kmb.ua/objects/21-zhk-vul-zamkovetska-ta-vul-novomostitska/,"ЖК — Новомостицко-Замковецкий (вул.Новомостицька_x000D_
вул.Замковецька, ж/б 7_x000D_
(I черга будівництва))",4 комнаты,120.66,17205,2075941,118.26,17205,2034649,118.26-120.66 кв м.,2034649-2075941 грн.,17205-17205 грн.,"50.4965098, 30.4403367"
109,flat,17,42,ЖК — Новомостицко-Замковецкий,"вул.Новомостицька_x000D_
вул.Замковецька, ж/б 8_x000D_
(I черга будівництва)",Подільський р-н,6.2018,"При 100% оплаті:_x000D_
- 10% (3-к. кв.та більше)_x000D_
- 8% (2-к.кв.)_x000D_
При 50% оплаті:_x000D_
- 5% (3-к.кв. та більше)_x000D_
- 4% (2-к.кв.)",https://kmb.ua/objects/21-zhk-vul-zamkovetska-ta-vul-novomostitska/,"ЖК — Новомостицко-Замковецкий (вул.Новомостицька_x000D_
вул.Замковецька, ж/б 8_x000D_
(I черга будівництва))",3 комнаты,112.12,17204,1928912.48,84.36,17204,1451329,84.36-112.12 кв м.,1451329-1928912.48 грн.,17204-17204 грн.,"50.4965098, 30.4403367"
110,flat,17,43,ЖК — Новомостицко-Замковецкий,"вул.Новомостицька_x000D_
вул.Замковецька, ж/б 9_x000D_
(I черга будівництва)",Подільський р-н,6.2018,"При 100% оплаті:_x000D_
- 10% (3-к. кв.та більше)_x000D_
- 8% (2-к.кв.)_x000D_
При 50% оплаті:_x000D_
- 5% (3-к.кв. та більше)_x000D_
- 4% (2-к.кв.)",https://kmb.ua/objects/21-zhk-vul-zamkovetska-ta-vul-novomostitska/,"ЖК — Новомостицко-Замковецкий (вул.Новомостицька_x000D_
вул.Замковецька, ж/б 9_x000D_
(I черга будівництва))",2 комнаты,88.86,17864,1528826,71.03,17205,1268880,71.03-88.86 кв м.,1268880-1528826 грн.,17205-17864 грн.,"50.4965098, 30.4403367"
111,flat,17,43,ЖК — Новомостицко-Замковецкий,"вул.Новомостицька_x000D_
вул.Замковецька, ж/б 9_x000D_
(I черга будівництва)",Подільський р-н,6.2018,"При 100% оплаті:_x000D_
- 10% (3-к. кв.та більше)_x000D_
- 8% (2-к.кв.)_x000D_
При 50% оплаті:_x000D_
- 5% (3-к.кв. та більше)_x000D_
- 4% (2-к.кв.)",https://kmb.ua/objects/21-zhk-vul-zamkovetska-ta-vul-novomostitska/,"ЖК — Новомостицко-Замковецкий (вул.Новомостицька_x000D_
вул.Замковецька, ж/б 9_x000D_
(I черга будівництва))",4 комнаты,120.66,17205,2075941,118.26,17205,2034649,118.26-120.66 кв м.,2034649-2075941 грн.,17205-17205 грн.,"50.4965098, 30.4403367"
149,car,17,43,ЖК — Новомостицко-Замковецкий," вул. Новомостицька та Замковецька Паркінг №1,2,3,6,7",Подільський р-н,6.2018,,https://kmb.ua/objects/21-zhk-vul-zamkovetska-ta-vul-novomostitska/?type=4,"ЖК — Новомостицко-Замковецкий  вул. Новомостицька та Замковецька Паркінг №1,2,3,6,7",,,,9999999,,,205800,,205800-9999999 грн.,,"50.4965098, 30.4403367"
182,noflat,17,36,ЖК — Новомостицко-Замковецкий,"ЖК «Новомостицько-Замковецький», ж/б 1- 9",Подільський р-н,,0%,https://kmb.ua/objects/21-zhk-vul-zamkovetska-ta-vul-novomostitska/?type=2,"ЖК — Новомостицко-Замковецкий ЖК «Новомостицько-Замковецький», ж/б 1- 9",приміщення для зберігання велосипедів,14.4,16600,211318,3.7,15770,61420,3.7-14.4 кв м.,61420-211318 грн.,,"50.4965098, 30.4403367"
183,noflat,17,37,ЖК — Новомостицко-Замковецкий,"ЖК «Новомостицько-Замковецький», ж/б 2- 9",Подільський р-н,,5%,https://kmb.ua/objects/21-zhk-vul-zamkovetska-ta-vul-novomostitska/?type=2,"ЖК — Новомостицко-Замковецкий ЖК «Новомостицько-Замковецький», ж/б 2- 9",Нежитлові приміщення,63.4,27825,1730503,40.7,27295,1132477,40.7-63.4 кв м.,1132477-1730503 грн.,,"50.4965098, 30.4403367"
150,car,124,128,"пр-т Правди, 31-А, паркінг №1, №2","пр-т Правди,31-33",Подільський р-н,введений,-40%,https://kmb.ua/objects/130-1-prosp-pravdi-31-a/,"пр-т Правди, 31-А, паркінг №1, №2 пр-т Правди,31-33",,,,9999999,,,154500,,154500-9999999 грн.,,"50.5030793, 30.4367997"
119,car,101,101,"вул. Данькевича, 10",(Бальзака-Цветаєвої) ж/б на діл.8,Деснянський р-н,введений,-10%,https://kmb.ua/objects/127-vul-dankevicha-10/,"вул. Данькевича, 10 (Бальзака-Цветаєвої) ж/б на діл.8",,,,9999999,,,90750,,90750-9999999 грн.,,"50.5216192, 30.6150844"
121,car,101,103,"вул. Данькевича, 14",(перетин Бальзака та Цвєтаєвої),Деснянський р-н,введений,-30%,https://kmb.ua/objects/124-vul-dankevicha-14/,"вул. Данькевича, 14 (перетин Бальзака та Цвєтаєвої)",,,,9999999,,,85249,,85249-9999999 грн.,,"50.52201969999999, 30.6121696"
120,car,101,102,"вул. Данькевича, 16",,Деснянський р-н,введений,-30%,https://kmb.ua/objects/116-vul-dankevicha-16/,"вул. Данькевича, 16 ",,,,9999999,,,85248,,85248-9999999 грн.,,"50.5220208, 30.6112442"
123,car,102,105,"вул. М. Цвєтаєвої, 11",,Деснянський р-н,введений,-30%,https://kmb.ua/objects/126-vul-m-tsvetaevoji-11/,"вул. М. Цвєтаєвої, 11 ",,,,9999999,,,85251,,85251-9999999 грн.,,"50.5228311, 30.6113716"
122,car,102,104,"вул. М. Цвєтаєвої, 13","Троєщина-10, ж/б на діл. №1,2,3,4",Деснянський р-н,введений,-30%,https://kmb.ua/objects/125-vul-m-tsvetaevoji-13/,"вул. М. Цвєтаєвої, 13 Троєщина-10, ж/б на діл. №1,2,3,4",,,,9999999,,,85250,,85250-9999999 грн.,,"50.5228982, 30.6105259"
